sha256	bytes	path	category
c40027239d8b6015c37062c9196d4b49fad239c9d2334072314d8e68e33e124f	128	.gitattributes	.gitattributes
a7e050a9c6df22656bdb914452da9a9930f82302222783de5a3d8975cfd75b09	505	.github/workflows/verify.yml	.github
a864158315e1531a09750452eab49fc00adfe8a5319ebe4598dfbe02b6c90a19	110	.gitignore	.gitignore
398c4cbab9c2041e036979abd4d7b34d7ad2a41cabce547725b45d4160b7f346	606	AUTHORS.md	AUTHORS.md
14e3882906899fb627c6527696a7033f0478c3e6271d71626d1080c6e4448ec0	679	CITATION.cff	CITATION.cff
89f3033aaefca1e3b45696607005bc55f1f345df61935ff82675d582b824d6bc	479	LICENSE_SELECTION_REQUIRED.md	LICENSE_SELECTION_REQUIRED.md
38ff7a70450ce913967c5442cdd3b31ec354cd23d3d98440bee7eac42c5a2468	1420	PUBLIC_RELEASE_GATE.json	PUBLIC_RELEASE_GATE.json
408eafa07c80ddb257eabd1d0a8b14647781c27d5d528299474b4fd5b5f6f122	4454	README.md	README.md
b0f02137be19e3fc74f8f07ed435df12ea782a3fbadcd424d38a16fdffab83ed	1229	RELEASE_NOTES.md	RELEASE_NOTES.md
0c0300f4ea2bd0db049b1a32ef4446bbc4351f6045f9d783b9f94405967f8891	20	VERSION	VERSION
3dfbc7e80a42fbee3ebda9a95c87b32505b1d313dfa26fcaf2e8272ba63c0907	936	analysis/README.md	analysis
b204efdb2e364ce272f3a40b4f736fee5766c510a12fb939ead4d83d3719ec99	1843	analysis/phase81_full_factorial/README.md	analysis
11834cb26285cb7f40c326a901c38543d3b1adb914701d996111b01019525350	516	analysis/phase81_full_factorial/pack_results.sh	analysis
80b257137d44a378b2c85894f8e3c8850b1716977d60699ec635b41206da4b75	39639	analysis/phase81_full_factorial/run_factorial_ablation.py	analysis
dede821acbba492f7476593c72f00bbd630a08ec3817d5a8830bba24758fc45e	3147	analysis/phase81_full_factorial/run_phase81_factorial_ablation.sh	analysis
b954818aed6d3cd12baa4586615d3e69f35e510d05a61354346dfff2d7c9ebd7	2960	analysis/phase82_structure_case/README.md	analysis
56f05507e5c503a83670b53dde9b88912630349576d444dc59833c39d70e3314	805	analysis/phase82_structure_case/pack_phase82_results.sh	analysis
40122c4c32c0c6752b95561283159c650c93a5f12a56c50776ddb9d9644c472a	22701	analysis/phase82_structure_case/phase82a_structure_case_preflight.py	analysis
438af210dfa8ef877b51f396722059ab9e8ff16128e642624f986b54e1640fb6	13160	analysis/phase82_structure_case/phase82b_rcsb_exact_sequence_screen.py	analysis
f9029ae65ad8b0af927402dd62c5eeab1e8c8f4f22dacd476a8b0636ea8352eb	281	analysis/phase82_structure_case/run_phase82a_structure_case_preflight.sh	analysis
bde6c5f12df95c6f2843a1932d1ee376d7177877bfbc13a4c7fbb702215f0b43	278	analysis/phase82_structure_case/run_phase82b_rcsb_exact_sequence_screen.sh	analysis
7106b3330ad00fcab952341d78346ad9898463e9effb531aa1507f960e9d86c1	2668	analysis/phase82_structure_case/selftest_phase82a.py	analysis
c702c9b109524227e626993dfe8d946fe73312319a4be3ffc6594edd7a266059	625	analysis/phase82_structure_case/selftest_phase82b_payload.py	analysis
3b7058eb88e659ba93c7a76368c7ac3191fcc3a6d542749a9b5206a4b527ee56	1135	analysis/phase82c_modeled_structure/MODEL_INTERPRETATION_POLICY.md	analysis
1156762d7efbc9d4bebb0a7c33891263fbe7a1f050a82ed89c8f44eab36029df	3262	analysis/phase82c_modeled_structure/README.md	analysis
b3547d0974a9d74f928bd7884bebf5363da2443ea7063f7965e95585048b080a	568	analysis/phase82c_modeled_structure/pack_phase82c_results.sh	analysis
30cd6a7c4a244f777f8050542dda811ead246a81cf6fd60717acdc3864d14d5b	11693	analysis/phase82c_modeled_structure/phase82c_analyze_models.py	analysis
0e98fa2dc7a8acf476a4bde813e48942f1fe1b74f4fcf46b2f61ebf1f4c6fd7e	3030	analysis/phase82c_modeled_structure/phase82c_make_pymol_scripts.py	analysis
cb34c7a3f3a93779b1d7bc0d84f57bfa93dd737338289e5ff2be4aa17b91f437	8078	analysis/phase82c_modeled_structure/phase82c_prepare_inputs.py	analysis
da524b91f1c2414c6ead3bb95642732e6d0c98917b26b0349fc2bebd4d8f651f	1505	analysis/phase82c_modeled_structure/run_phase82c0_prepare_and_backend_preflight.sh	analysis
c87b5183c9388ad68c53df8a5d539608205f526631dd29b4371bd0b48fde72a1	1847	analysis/phase82c_modeled_structure/run_phase82c1_colabfold_main.sh	analysis
02975b44dc403b644729cef9070578994d52517f195075ee7254ccaf612bbf3f	249	analysis/phase82c_modeled_structure/run_phase82c2_analyze_models.sh	analysis
c2147b6565f0838a635a8b3ff759853b9f33b88b393c1177d5265eea438c6351	434	analysis/phase82c_modeled_structure/run_phase82c3_make_pymol.sh	analysis
c823da03e9714195dfb7eb0f74e79e1dc6b4d1f50c0514b5b5f391788f45c098	1775	analysis/phase82c_modeled_structure/selftest_phase82c_analysis.py	analysis
8f6777c014155777e27c9a8a43866c77082d99503c28324d2afdf056ee257fc2	855	analysis/phase82d_matched_orientation/README.md	analysis
21eb0296aaa2b1a8cbfdc59249557dd76188dc12587b6c051ae4810078908e5b	348	analysis/phase82d_matched_orientation/pack_phase82d_results.sh	analysis
5e322f853e758810aa7fdf90545908c56b4df999b87fa057e8aa0991224b2208	4717	analysis/phase82d_matched_orientation/phase82d_analyze_orientations.py	analysis
0e6fea3ec11213bd26c2cfb39a9104ddcf0af20e73450207f190967ffca0bd1e	8362	analysis/phase82d_matched_orientation/phase82d_prepare_candidates.py	analysis
a1ac4178477c59972a1083f5d06e7b49e77db146fcf411315d00b7e4950b6af6	176	analysis/phase82d_matched_orientation/run_phase82d0_prepare_candidates.sh	analysis
bea9cc80bc0f646e505fda6b846a9f0ffed54c9112e050ae2cfe1bef8816610f	1047	analysis/phase82d_matched_orientation/run_phase82d1_colabfold_candidates.sh	analysis
9ebda0056a7df556a15d58fa20ee88a253107701867d240e73471d4ce6f67da7	263	analysis/phase82d_matched_orientation/run_phase82d2_analyze_orientations.sh	analysis
4e76591a9646a090bd7c89ccca3cd74b23b9e7b7e2b2a00859b5f91ddba1e413	776	analysis/phase82d_matched_orientation/selftest_phase82d.py	analysis
0ee5632194eefe5cabe1f4f911bbc3010af57f5876c16ab7485f1546366f4948	2709	analysis/phase82e_structure_figure/README.md	analysis
13ca6edd77f06d604d5c0bf009cb284b426d915dd8e1a98a160289bf41a85a94	11000	analysis/phase82e_structure_figure/phase82e_audit_controls.py	analysis
a766a2b6dc401a059cabdc38a38e43a1557456f5a0d7bac1560f927872932779	3143	analysis/phase82e_structure_figure/phase82e_compose_structure_panels.py	analysis
c65b2bde6d55865a3b56692230dd6ff4b4e8a3972225a4c6ef7a1fefaa8f2d93	6154	analysis/phase82e_structure_figure/phase82e_render_matched_views.py	analysis
ffb0a8e414c74eb490e38ebf784d348df8e282a8f456c350b6df6d7cd0ef603d	1250	analysis/phase82e_structure_figure/run_phase82e_structure_figure.sh	analysis
70e1f4116908ffd85a0cb172b6c3463da164813e71f16d98974a00ff3bc26335	1020	bibliography/colabfold_citations.bib	bibliography
03e92352a91bb8f73b4627c923506bbf9c43c584de3b4395739ad616a11de81d	1510	contracts/DATASET_CONTRACT.md	contracts
f0da5be88b464c53d318b17bbd547d734acac0858f31c26d1f2848a9cba47a77	971	contracts/FEATURE_CONTRACT.md	contracts
eb25455468e3fa682d74520bf8811b26f94e16ee7566f73a5adafb66097ba347	1667	contracts/STRUCTURAL_CASE_CONTRACT.md	contracts
0d843f0172cfc69ab3ff42bf85e9157ab3c6a45851118dfb32a5363220a522d5	858	docs/DATA.md	docs
d65c5f2e53b5861ebc6f23544cbcb6bb4bc7e01f000208604d6724fada836ea5	1191	docs/METHODS_AND_SCOPE.md	docs
ebcb14f999b47c1abd7ac8dbcbd3bf01ef71885af62dcc2697b51340046e6671	1052	docs/PHASE81_FULL_FACTORIAL.md	docs
5340e48cd3fad2d482c8b518f3cb9817c1b62c326da239da8fe5ac8e967bd5f3	1233	docs/PHASE82_STRUCTURAL_CASE.md	docs
5a02e1beb7a93aeb17c571d0cfa92add9c595b639e0a37aed635a26df1abc65c	949	docs/RELEASE_CHECKLIST.md	docs
fa2aa69b017326cc1d37cd13e20cbc718dde578a15d5555be1675aeba75180d3	2151	docs/REPRODUCIBILITY.md	docs
4d8c14684a96a45e74b8d44f929fb52b5905472bdb4ec98d12e989d1d1f6b2d0	1573	docs/RESULT_INDEX.md	docs
db5a72376964eecdc7dab174dd569314a89754e91b8da0267bae06f15d13a094	1476	environment/COLABFOLD82C_ENVIRONMENT_SANITIZED.txt	environment
026ce8a7c1e39d793f741e86111e5da57355630037d85eb57abf6f38ff7a59a3	602	environment/STRUCTURE_MODELING.md	environment
e1dd1580a1608e1bbb3d55a70d8191420ff74b61accb5155bdf5c7d2c1efb59f	265	environment/environment.yml	environment
19d73272ddfa693b81a2e0a3aa635e85a84af5e1c85dc3e9ec15a31582c87b3d	148	environment/requirements.txt	environment
e3110721583e5d0d2347b1594decadbd85f03d3fc2daa21fd65c88f8f484a763	267825	figures/main/Figure1_Cyclic_RegisterAware_TypedFour_DualCenter.pdf	figures
fd63c3cbd0cc87b0a4ec69ce7db8c1d0ee477e031f22f7fd2fd38a53202eb00c	1426688	figures/main/Figure1_Cyclic_RegisterAware_TypedFour_DualCenter.png	figures
577374ac97ceba86fc228fad4f6eda866c1fad1b7eb1ef23322edde06bfd3be7	47613	figures/main/Figure2_Model_Evolution_CCNG1.pdf	figures
2b65a6353847dd728642f5fe9fd3a5d62475058a18be36751ed82b164572981d	633942	figures/main/Figure2_Model_Evolution_CCNG1.png	figures
76050af8dc2b74bbdf081070fb6b421e70b0f62b4697834fb02bc561ba5d7ac3	184978	figures/main/Figure3_CCmax_ZeroShot_Locked.pdf	figures
c4d3328f37b9ac4e0e8f0eceafd6b53f2907eba1eee6b544e88fddc944ad2b52	120137	figures/main/Figure3_CCmax_ZeroShot_Locked.png	figures
9c1483fdd85656ebd7625ad46afce3c500d53d00fb6cfa37a780c8b8b10d81fa	189501	figures/main/Figure4_Orthogonal_Partner_Recovery.pdf	figures
f14604a0b42136d42aa7ce2af0da81144a8844e962ef5398ed3fc9d9d185aa45	1543897	figures/main/Figure4_Orthogonal_Partner_Recovery.png	figures
b86fa0ea4da642e522e4084929a36d6852f81a12dfd16a6b5ced3d3ce410c9b5	228273	figures/main/Figure5_CC0_MP3_Independent_Assays.pdf	figures
ada805af866c4fdb780308f1b8725ffb54fba48760d12b42e63b448b044f7721	104815	figures/main/Figure5_CC0_MP3_Independent_Assays.png	figures
779361b4c88b5af2fb821b2b5fe560608f01a0cbe03fb4c0f6d184d802bf9cf9	33478	figures/supplementary/Supplementary_Figure_S1_CCNG1_Phase81.pdf	figures
5c2fbb00d2f19907f38166d09994c727f6fb3959482cae7a8f9a1267dd64fe67	280310	figures/supplementary/Supplementary_Figure_S1_CCNG1_Phase81.png	figures
c0759b8aae2bb7e2e64d9d5573c50709a1f27c95992fb6093fe4c33ca177a504	229047	figures/supplementary/Supplementary_Figure_S2_Potapov.pdf	figures
19caf4edac6f0741607c641e3f9d221be4ba28534ab19bb9fdc1f90dcab70213	71758	figures/supplementary/Supplementary_Figure_S2_Potapov.png	figures
cc18f8200278fc328f3f1d44d3b3677ec803b7b65b2bfb208f5802798d6a1efa	276642	figures/supplementary/Supplementary_Figure_S3_SYNZIP.pdf	figures
2e1e9190757e20f7babfb4f415e906cc4f78c325b6f3564c2e28f6ab16d7ebf3	83579	figures/supplementary/Supplementary_Figure_S3_SYNZIP.png	figures
32fae4aac352e118bbc5a5ed0f5fd618d25510b3fe6f8f3e8b4749d308b74cdc	276702	figures/supplementary/Supplementary_Figure_S4_Structure.pdf	figures
28fea392ebfecc7e63179f5746013c24f4dd2a0002a8218dfdac6dfba008cb02	70725	figures/supplementary/Supplementary_Figure_S4_Structure.png	figures
0b607ae932b363e1aaa32e6ea56b210121a5700f11ad6c2eaf02902dd998a89f	228695	figures/supplementary/Supplementary_Figure_S5_GLMY5_Readout_Audit.pdf	figures
856882a9cb40fd814bacea777a3dd26f0d7088db1204d329f6877a676475ac76	95313	figures/supplementary/Supplementary_Figure_S5_GLMY5_Readout_Audit.png	figures
e3bfb829f88a28e31dc65ec777d1ee1d6537327fa5b24208b66ce5cc71264f63	113126	figures/supplementary/Supplementary_Figure_S6_Phase82_Structural_Control.pdf	figures
fd74fd26ed70a91093085ada2eb8e5c44f4aaa12bb2796a7aae4e70dec6422d1	771919	figures/supplementary/Supplementary_Figure_S6_Phase82_Structural_Control.png	figures
1c17a30a276b98bee197ab4a7ddcc89ecf5e386df97e63b6321c7b9cad71f00f	1349161	manuscript/HeptadPair_Main_Manuscript_v8.9_PHASE81_PHASE82_20260903.pdf	manuscript
1d0ebf4c729a910ba6134aec13267ef376a400562a311b90f16dad12b9587085	91213	manuscript/HeptadPair_Main_Manuscript_v8.9_PHASE81_PHASE82_20260903.tex	manuscript
8732304cacfb75299d1a1bac6c0b728490a7c82e7c8d751a4c5093405898d715	703	provenance/BUILD_INPUTS.md	provenance
2df6c8e64b550977fe9e66219f5a9ab90aeef8069d77ef37ed91b0e2ed6f98b4	1176	provenance/FINAL_QA_REPORT_v8.9.md	provenance
bed9a5a3484e52e9e80d17383b54b720735bdd14faf50b785e47b28832e347ba	1735	provenance/RELEASE_VALIDATION_REPORT.md	provenance
ef55c66db7b596673a2dca4ad24949a402204add5434cad858e9646e1002a1f3	4668	results/phase81_factorial_ablation_v1_0_2/FACTORIAL_ABLATION_GATE.json	results
6dfce366996fdb9222c238bc106a7382707d8b772a6f6ba2fd34d2da65976a48	16590	results/phase81_factorial_ablation_v1_0_2/Figure_phase81_full_factorial_spearman.pdf	results
ce084ed3f454add0bcd01cac005defe5840ead93cf2b84864a4f7d0f85c55e7a	71664	results/phase81_factorial_ablation_v1_0_2/Figure_phase81_full_factorial_spearman.png	results
f4522558b7336b7711ee4e352aa88a18c56a4d894f42563f44becd77bbadca26	14668	results/phase81_factorial_ablation_v1_0_2/Figure_phase81_leave_one_block_out_spearman.pdf	results
06d3b524909801bc12e273153317f9c83cad648c5e63b74d140c6343d7bfa2b4	79313	results/phase81_factorial_ablation_v1_0_2/Figure_phase81_leave_one_block_out_spearman.png	results
97aa8e1df11507c12bb346ac97b229c18892a77a38f8903eac526f936d37fefc	931	results/phase81_factorial_ablation_v1_0_2/MANUSCRIPT_FACTORIAL_ABLATION_DRAFT.txt	results
2326aa72b6addff13f2ff0316563930742b43b5574b566c8c86cef3267726033	3408	results/phase81_factorial_ablation_v1_0_2/factorial_interactions_by_split.csv	results
7479e373916bf85e54be950f7a5e762529f219fd00b787dcdb1818580dc04531	6462	results/phase81_factorial_ablation_v1_0_2/factorial_metrics_by_split.csv	results
85020abbd46111b4079347dd4fd6dc362ce0f10d533a2ee17879ea2dd6873dab	1898	results/phase81_factorial_ablation_v1_0_2/factorial_summary.csv	results
266e018cbbf3a6ea872c61130abdf249f2523ac9dd0db195c88c849819221cc0	556138	results/phase81_factorial_ablation_v1_0_2/factorial_test_predictions.csv	results
6661cb248a630534c3348a68083cea4efa9beacdb7dd6c1245a0c6ceab4a0621	6110	results/phase81_factorial_ablation_v1_0_2/leave_one_block_out_effects_by_split.csv	results
e8c857514808f809293f5c81461c6e530c898db01efa0733ad724ff12f259b61	2305	results/phase81_factorial_ablation_v1_0_2/leave_one_block_out_summary.csv	results
885516c450cf5dce4ea5d79dc7c464f89ebb4799edbbbc01a59e372d7157ae81	1335	results/phase81_factorial_ablation_v1_0_2/phase67_replay_audit.csv	results
a6aeffc063dd326e421173bd22997d839b00a0d5c52fba4907f5d86f055827d4	777	results/phase81_factorial_ablation_v1_0_2/phase67_split_reuse_audit.csv	results
df68f9357fcfb81cc2606a7c3c035766a2c68812c7f28e5ff1b43bab0e29f48a	3880	results/phase81_factorial_ablation_v1_0_2/shapley_by_split.csv	results
2db8daebf9e29a9c2450c435aabc0a58ae763671d77eddff87b7f8ea14e57c4c	1225	results/phase81_factorial_ablation_v1_0_2/shapley_summary.csv	results
82b781a6186655ca01933fd6fff26c6d3d13a394a9311a6fe82e04ebfde20e97	867	results/phase81_factorial_ablation_v1_0_2/standalone_block_summary.csv	results
acb1b329b2d6547d88575f2ec6e47ba7cb4ef282f01277c0ad12a1b25af73b1d	806	results/phase82_rcsb_screen/RCSB_STRUCTURE_SCREEN_GATE.json	results
01ba4719c80b6fe911b091a7c05124b64eeece964e09c058ef8f9805daca546b	1	results/phase82_rcsb_screen/common_entry_metadata.csv	results
37d29225f0c236097c1ac6df82a82ff8df2795b4e8b5cac1b6269a8cb73903ef	453	results/phase82_rcsb_screen/query_payloads/4H2750-AA.json	results
7a59f707ce6eddaccac72026b433d243a5b8d8836960fcc0d607c95d8873fc60	453	results/phase82_rcsb_screen/query_payloads/4H3365-AA.json	results
b1575c4983f54dc71a878a11e8d54592fc32f13b034edaf74640902447117134	453	results/phase82_rcsb_screen/query_payloads/4H3651-AA.json	results
dd46281caafdda0018db7979188db79ba78ceae9a248711128c2fffe30012f51	453	results/phase82_rcsb_screen/query_payloads/4H465-AA.json	results
9ee367e6df366b6591fe98bf3affad3464282cab409ff75383bc0ab6e5c366a5	453	results/phase82_rcsb_screen/query_payloads/4H895-AA.json	results
cf4b4be7c7577432a6f86c40467f8655338d246d7c9404c66854d42fe9a2a3e3	453	results/phase82_rcsb_screen/query_payloads/APC2257-AA.json	results
013358996e3a0609d68f2bb6edbf93ddc71915aad7813b8bcee27b789cd12ddb	453	results/phase82_rcsb_screen/query_payloads/APC2811-AA.json	results
4f53cda18c2baa0c0354bb5f9a3ecbe5ed12ab4d8e11ba873c2f11161202b945	2	results/phase82_rcsb_screen/raw_search_json/4H2750-AA.json	results
4f53cda18c2baa0c0354bb5f9a3ecbe5ed12ab4d8e11ba873c2f11161202b945	2	results/phase82_rcsb_screen/raw_search_json/4H3365-AA.json	results
4f53cda18c2baa0c0354bb5f9a3ecbe5ed12ab4d8e11ba873c2f11161202b945	2	results/phase82_rcsb_screen/raw_search_json/4H3651-AA.json	results
4f53cda18c2baa0c0354bb5f9a3ecbe5ed12ab4d8e11ba873c2f11161202b945	2	results/phase82_rcsb_screen/raw_search_json/4H465-AA.json	results
4f53cda18c2baa0c0354bb5f9a3ecbe5ed12ab4d8e11ba873c2f11161202b945	2	results/phase82_rcsb_screen/raw_search_json/4H895-AA.json	results
4f53cda18c2baa0c0354bb5f9a3ecbe5ed12ab4d8e11ba873c2f11161202b945	2	results/phase82_rcsb_screen/raw_search_json/APC2257-AA.json	results
4f53cda18c2baa0c0354bb5f9a3ecbe5ed12ab4d8e11ba873c2f11161202b945	2	results/phase82_rcsb_screen/raw_search_json/APC2811-AA.json	results
6efa2779422fa4dde42786468fe140a3ba6cb1ae06d47cbfb6eba754d20e912c	596	results/phase82_rcsb_screen/rcsb_sequence_hits.csv	results
c761d9e55142a94f81d7202edc7fde027f586307b37f68b2d1f264704bd99bab	913	results/phase82_rcsb_screen/selected_pair_common_pdb_candidates.csv	results
1a3db95526d0c057469c6ff10d0212758ef46dfd9d9a7daf3c3001ae586a6900	1373	results/phase82_structure_case_preflight/STRUCTURE_CASE_PREFLIGHT.json	results
7a065c6e03ca3fab9db64c46489c4b1311dc0dc6e31291f5f51917251ddef8dc	25956	results/phase82_structure_case_preflight/all_target_vs_competitor_cases.csv	results
33bf8ba546de70884c94ab9680f882d59c6ad22455f8bfba7713c5f41ba09c2e	3244	results/phase82_structure_case_preflight/derived_set_recovery_audit.csv	results
a3b230b306bfbc6e27cefcfa99ed91400f57e510055f5d1697d2025298a30452	171296	results/phase82_structure_case_preflight/normalized_pair_scores_by_set.csv	results
05f44c0a224913e762fcbd3f0265a3a5b9fa75c11cdd640f1d67975fd3340137	287	results/phase82_structure_case_preflight/selected_case_sequences.fasta	results
1e18a32d2a5a0633e6194e0f1717dab17a0745abee9a7fb18bc6cf937ec2b3c7	1694	results/phase82_structure_case_preflight/selected_structure_cases.csv	results
5e090bee6d45f8a953eac22dac74faee27287810f2c0e096943e41294d4204ef	113	results/phase82_structure_case_preflight/sequence_source_audit.csv	results
d9e09dcd3a6f7ef274ea942a1c390c2691a9522eed78c60a5cc540c3639fc0cb	5590	results/phase82_structure_case_preflight/target_pair_inventory.csv	results
ac5d9ed9bfd816d1f012a8312d83bb16e89672261a9ac2b6079a5246c8ff3eab	323	results/phase82c_modeled_structure/BACKEND_PREFLIGHT.json	results
db5a72376964eecdc7dab174dd569314a89754e91b8da0267bae06f15d13a094	1476	results/phase82c_modeled_structure/COLABFOLD82C_ENVIRONMENT.txt	results
66ad2f587daaaf9bebfe8fd3557657941723e2d27ce3484a5960329692b22680	1623	results/phase82c_modeled_structure/MODELED_STRUCTURE_GATE.json	results
5f5e8851e10090f278143d623df0c9d8cb4d0c5420e178a686bc2389e8235fc9	1228	results/phase82c_modeled_structure/MODEL_INPUT_CONTRACT.json	results
6c287c79545c95eb25d680eeaa1c86dfb13061eeda58b15e9e42ad02b06e2833	524	results/phase82c_modeled_structure/backend_preflight.txt	results
38647df8bbd5527f310294312dd077eeb09053958a26fbbc8e11db5063491573	825	results/phase82c_modeled_structure/canonical_core_pairs.csv	results
1c7057aab89ccbe46813ecefc946854b58b6468d593d70716cbbd6537dfb4ff4	710	results/phase82c_modeled_structure/canonical_eg_pairs.csv	results
24a83c1cb016bc7967e4eaaffe358459283489cbf15eb5f3abb7b96b4bd536e3	370	results/phase82c_modeled_structure/canonical_register_pair_audit.csv	results
70e1f4116908ffd85a0cb172b6c3463da164813e71f16d98974a00ff3bc26335	1020	results/phase82c_modeled_structure/colabfold_main/cite.bibtex	results
0769af39ff253ed1e02ed5119648af038d6fff31ebeeb40edab73b41c063e4a9	1184	results/phase82c_modeled_structure/colabfold_main/config.json	results
27a8e02a2074639770b45adad2279ba981349ed5df3c5546a8465c692f00c825	25245	results/phase82c_modeled_structure/colabfold_main/log.txt	results
eb6d1c7b81ce93bdf33c2a54e5a79d769442ac19a66da9ba0e294a03e1c6d55f	138	results/phase82c_modeled_structure/colabfold_main/main_competitor__4H3651-AA__4H3365-AA.a3m	results
e3b0c44298fc1c149afbf4c8996fb92427ae41e4649b934ca495991b7852b855	0	results/phase82c_modeled_structure/colabfold_main/main_competitor__4H3651-AA__4H3365-AA.done.txt	results
731fbd977b1899d98d6dc1c90107b17c768f648c6152c21914e71e38cc3e73f9	20194	results/phase82c_modeled_structure/colabfold_main/main_competitor__4H3651-AA__4H3365-AA_predicted_aligned_error_v1.json	results
29e91a85aef66395e8a71f600681e3f30f0e8d721b8eb469a196109e0cc43ae2	17165	results/phase82c_modeled_structure/colabfold_main/main_competitor__4H3651-AA__4H3365-AA_scores_rank_001_alphafold2_multimer_v3_model_1_seed_20260905.json	results
670735ea1da5bbde90d8b9c3fb21b29ca9253c1a376475148d0965f227dab074	17187	results/phase82c_modeled_structure/colabfold_main/main_competitor__4H3651-AA__4H3365-AA_scores_rank_002_alphafold2_multimer_v3_model_4_seed_20260904.json	results
3ec7fccb4ea39bf00a156455b52ddf15fb2aab2fcd37448c9e61e108dd716abf	17208	results/phase82c_modeled_structure/colabfold_main/main_competitor__4H3651-AA__4H3365-AA_scores_rank_003_alphafold2_multimer_v3_model_4_seed_20260905.json	results
b97fa8ef3dc7f977eda7fa72c33fac162cd53c32803c1560fac27fa5d522ca63	17195	results/phase82c_modeled_structure/colabfold_main/main_competitor__4H3651-AA__4H3365-AA_scores_rank_004_alphafold2_multimer_v3_model_1_seed_20260903.json	results
9dcb2d77c2311601d0773dc75cc984a1ec8c069cfc7961af8e5230c78772d90c	17187	results/phase82c_modeled_structure/colabfold_main/main_competitor__4H3651-AA__4H3365-AA_scores_rank_005_alphafold2_multimer_v3_model_2_seed_20260905.json	results
77bbead0c2d603e3aad20c23a96741f236b30bc45941b8c1c52755fbd58fd6f2	17204	results/phase82c_modeled_structure/colabfold_main/main_competitor__4H3651-AA__4H3365-AA_scores_rank_006_alphafold2_multimer_v3_model_1_seed_20260904.json	results
55cffae32c31dbc9a67a4756e93c14febec9357645a7c95f673a5f628d32c2e3	17175	results/phase82c_modeled_structure/colabfold_main/main_competitor__4H3651-AA__4H3365-AA_scores_rank_007_alphafold2_multimer_v3_model_2_seed_20260904.json	results
c414e576084b370f85a67deb56fb3d054f12b76c8381cd060a07bae1076f1e21	17100	results/phase82c_modeled_structure/colabfold_main/main_competitor__4H3651-AA__4H3365-AA_scores_rank_008_alphafold2_multimer_v3_model_3_seed_20260905.json	results
9c8f6ecb563940718b719135de92288fe4241350b1b6db3db5d85d0b6354eb1a	17243	results/phase82c_modeled_structure/colabfold_main/main_competitor__4H3651-AA__4H3365-AA_scores_rank_009_alphafold2_multimer_v3_model_4_seed_20260902.json	results
b47dc95df9671044c9d6efeea645b8298135758b26e09e93d9fe04b14d48f4b3	17242	results/phase82c_modeled_structure/colabfold_main/main_competitor__4H3651-AA__4H3365-AA_scores_rank_010_alphafold2_multimer_v3_model_4_seed_20260903.json	results
95bea5e5db4a02ee958caa41722ddbfd0de432c2be0bbcb96068f521afe7c73c	17119	results/phase82c_modeled_structure/colabfold_main/main_competitor__4H3651-AA__4H3365-AA_scores_rank_011_alphafold2_multimer_v3_model_3_seed_20260904.json	results
82dc9a0191b9067c610001ef8d5782b8b2f24699f817e2b6127f2c27c5dd70d3	17246	results/phase82c_modeled_structure/colabfold_main/main_competitor__4H3651-AA__4H3365-AA_scores_rank_012_alphafold2_multimer_v3_model_4_seed_20260906.json	results
889dc572dc7d3ce0463e9ae6f3bdf0ba8065f73c931891408a1f4f110def8506	17127	results/phase82c_modeled_structure/colabfold_main/main_competitor__4H3651-AA__4H3365-AA_scores_rank_013_alphafold2_multimer_v3_model_2_seed_20260902.json	results
4a57a74baf7156db4e7cc650aadadf4e401ef459aeebf9009ff950eb10d4031f	17183	results/phase82c_modeled_structure/colabfold_main/main_competitor__4H3651-AA__4H3365-AA_scores_rank_014_alphafold2_multimer_v3_model_5_seed_20260904.json	results
c9fa3b66733621b1bfcd8846801cb578a6e9268e70d37010fe2f86c914b945c0	17211	results/phase82c_modeled_structure/colabfold_main/main_competitor__4H3651-AA__4H3365-AA_scores_rank_015_alphafold2_multimer_v3_model_2_seed_20260906.json	results
42defa66625d4794e23a02a0421187f6941d155140afc689b42490a6e1d3988e	17203	results/phase82c_modeled_structure/colabfold_main/main_competitor__4H3651-AA__4H3365-AA_scores_rank_016_alphafold2_multimer_v3_model_2_seed_20260903.json	results
c2aa7d4ecb35a6a15e5a222c9ee3bafdc711a2a898045bb0e3a0f076dd8a840b	17124	results/phase82c_modeled_structure/colabfold_main/main_competitor__4H3651-AA__4H3365-AA_scores_rank_017_alphafold2_multimer_v3_model_3_seed_20260903.json	results
acfaf01421f4bfd1853a5a1e2f0681229e0c813cbb55f71abf2c2c1a5d7f3cbe	17209	results/phase82c_modeled_structure/colabfold_main/main_competitor__4H3651-AA__4H3365-AA_scores_rank_018_alphafold2_multimer_v3_model_1_seed_20260902.json	results
2dd294d94149ee228141f44c89f5f52875d902407ebb72cbce58c97c73a97bc6	17176	results/phase82c_modeled_structure/colabfold_main/main_competitor__4H3651-AA__4H3365-AA_scores_rank_019_alphafold2_multimer_v3_model_5_seed_20260905.json	results
91128fd50ce7e69c1c2fda44ab5b627a7088cdd6a5c7c4ce5cb029f9f7d75a81	17185	results/phase82c_modeled_structure/colabfold_main/main_competitor__4H3651-AA__4H3365-AA_scores_rank_020_alphafold2_multimer_v3_model_1_seed_20260906.json	results
1161a1c2e2a4ed7454973488d837252b8108cefc8175c785c8927a654d86c83c	17172	results/phase82c_modeled_structure/colabfold_main/main_competitor__4H3651-AA__4H3365-AA_scores_rank_021_alphafold2_multimer_v3_model_3_seed_20260906.json	results
05e172ab80f0db8da8fb7af2638ac756d08d1d35b7e4f803f0888f5c0535551e	17163	results/phase82c_modeled_structure/colabfold_main/main_competitor__4H3651-AA__4H3365-AA_scores_rank_022_alphafold2_multimer_v3_model_5_seed_20260903.json	results
fa5b63eb213a2d1792c56f6bc18ccb9e25a90cb2b6bee3ef457a0a6db1b608cd	17158	results/phase82c_modeled_structure/colabfold_main/main_competitor__4H3651-AA__4H3365-AA_scores_rank_023_alphafold2_multimer_v3_model_3_seed_20260902.json	results
0f7942e7f4aae3d861c1c833f1a500af098f2dbb928fecb041c018c07fefd823	17179	results/phase82c_modeled_structure/colabfold_main/main_competitor__4H3651-AA__4H3365-AA_scores_rank_024_alphafold2_multimer_v3_model_5_seed_20260902.json	results
42f38777c57689254dbf94490009d058c4b0dc7ab3ad064a08feab5fb9f5107b	17191	results/phase82c_modeled_structure/colabfold_main/main_competitor__4H3651-AA__4H3365-AA_scores_rank_025_alphafold2_multimer_v3_model_5_seed_20260906.json	results
6b63bea2e2b3400b2c4e8233401b0979e4dbdf09c2a81c78e06944488cd3684c	33291	results/phase82c_modeled_structure/colabfold_main/main_competitor__4H3651-AA__4H3365-AA_unrelaxed_rank_001_alphafold2_multimer_v3_model_1_seed_20260905.pdb	results
c2d0ce099e8f1d4a0136adef0813e6b6ab1da15b1307bb1cb82acedfac5ab76b	33291	results/phase82c_modeled_structure/colabfold_main/main_competitor__4H3651-AA__4H3365-AA_unrelaxed_rank_002_alphafold2_multimer_v3_model_4_seed_20260904.pdb	results
8cda291432202f0288cd5036b5a98477db35bb6ec3228795bb8d7a9596f4419d	33291	results/phase82c_modeled_structure/colabfold_main/main_competitor__4H3651-AA__4H3365-AA_unrelaxed_rank_003_alphafold2_multimer_v3_model_4_seed_20260905.pdb	results
cd51077a1915b7d5b9e9a67c7bc54e76e8914fcbe0e8832b8e168e69f10675f6	33291	results/phase82c_modeled_structure/colabfold_main/main_competitor__4H3651-AA__4H3365-AA_unrelaxed_rank_004_alphafold2_multimer_v3_model_1_seed_20260903.pdb	results
f3572aea8bbc73391baa054526d83cf6880835bd6cb4e57afd50152d81d70101	33291	results/phase82c_modeled_structure/colabfold_main/main_competitor__4H3651-AA__4H3365-AA_unrelaxed_rank_005_alphafold2_multimer_v3_model_2_seed_20260905.pdb	results
2b2fb385e27d3f83930944e6341adbf85b84dda593c847d571ae121f076d3616	33291	results/phase82c_modeled_structure/colabfold_main/main_competitor__4H3651-AA__4H3365-AA_unrelaxed_rank_006_alphafold2_multimer_v3_model_1_seed_20260904.pdb	results
3ab640a81a1712d60e53f038cb4a48f710b62e51d58811a840e11740f1f6d8b8	33291	results/phase82c_modeled_structure/colabfold_main/main_competitor__4H3651-AA__4H3365-AA_unrelaxed_rank_007_alphafold2_multimer_v3_model_2_seed_20260904.pdb	results
a423dcf34c0fcebc1c20d0a06182e27d83c0a336496f2d7447b9a5a1864f7d04	33291	results/phase82c_modeled_structure/colabfold_main/main_competitor__4H3651-AA__4H3365-AA_unrelaxed_rank_008_alphafold2_multimer_v3_model_3_seed_20260905.pdb	results
002041b5eb24cb72546aae2fe3c532c0f9cf89daabcfaf7909ab73f01c0a4b20	33291	results/phase82c_modeled_structure/colabfold_main/main_competitor__4H3651-AA__4H3365-AA_unrelaxed_rank_009_alphafold2_multimer_v3_model_4_seed_20260902.pdb	results
f0b1501d0da660ea761d94f73a0caaffacf63ce868195caedd17f24a6adcc1ca	33291	results/phase82c_modeled_structure/colabfold_main/main_competitor__4H3651-AA__4H3365-AA_unrelaxed_rank_010_alphafold2_multimer_v3_model_4_seed_20260903.pdb	results
d1df4939a1df357dd366a241ecf7967fcc1de6a4e85418a72bed7585633341d3	33291	results/phase82c_modeled_structure/colabfold_main/main_competitor__4H3651-AA__4H3365-AA_unrelaxed_rank_011_alphafold2_multimer_v3_model_3_seed_20260904.pdb	results
c817d9fb6e60cb7b828a9af52e52b49191c7fab54bfe4e64bc55452e403ab130	33291	results/phase82c_modeled_structure/colabfold_main/main_competitor__4H3651-AA__4H3365-AA_unrelaxed_rank_012_alphafold2_multimer_v3_model_4_seed_20260906.pdb	results
c80d8eea9a8c542165e05ecdb23faf227f6c4c0f7b69a2df715580ab6eab57bf	33291	results/phase82c_modeled_structure/colabfold_main/main_competitor__4H3651-AA__4H3365-AA_unrelaxed_rank_013_alphafold2_multimer_v3_model_2_seed_20260902.pdb	results
ae20e1909262d80bb397b4e6d4f8c8d012553c7fce8310d8440e3793dcd369a0	33291	results/phase82c_modeled_structure/colabfold_main/main_competitor__4H3651-AA__4H3365-AA_unrelaxed_rank_014_alphafold2_multimer_v3_model_5_seed_20260904.pdb	results
0670fb5a42f594bc07593d51a071dd3a17f008988e6b8181fef2375ac6fc9256	33291	results/phase82c_modeled_structure/colabfold_main/main_competitor__4H3651-AA__4H3365-AA_unrelaxed_rank_015_alphafold2_multimer_v3_model_2_seed_20260906.pdb	results
2b89edcf273785c50da8e3b8c974d1f77a2c53559a6dc970339a8c630d544f52	33291	results/phase82c_modeled_structure/colabfold_main/main_competitor__4H3651-AA__4H3365-AA_unrelaxed_rank_016_alphafold2_multimer_v3_model_2_seed_20260903.pdb	results
0d263b00ff650a8b410e943a2a6ce286f31729f08c78892bea64485436f43881	33291	results/phase82c_modeled_structure/colabfold_main/main_competitor__4H3651-AA__4H3365-AA_unrelaxed_rank_017_alphafold2_multimer_v3_model_3_seed_20260903.pdb	results
4031dd4f75a4efc69a89fb1e36d78ed95a300672e7e5057473fc322d2e100990	33291	results/phase82c_modeled_structure/colabfold_main/main_competitor__4H3651-AA__4H3365-AA_unrelaxed_rank_018_alphafold2_multimer_v3_model_1_seed_20260902.pdb	results
f698548465ba3a58a2ee53e26cb8ca457efa5a5e3ec323a53041f3e0585eb977	33291	results/phase82c_modeled_structure/colabfold_main/main_competitor__4H3651-AA__4H3365-AA_unrelaxed_rank_019_alphafold2_multimer_v3_model_5_seed_20260905.pdb	results
842560a65176e3129edbe7645a1ebcafa7eab246f3f82dd79e16814eb51f4ad8	33291	results/phase82c_modeled_structure/colabfold_main/main_competitor__4H3651-AA__4H3365-AA_unrelaxed_rank_020_alphafold2_multimer_v3_model_1_seed_20260906.pdb	results
6e2000ea6caaaa6e060911dda37a6f1d9bda6ecc22ca0af74c984fc6f6f7cff8	33291	results/phase82c_modeled_structure/colabfold_main/main_competitor__4H3651-AA__4H3365-AA_unrelaxed_rank_021_alphafold2_multimer_v3_model_3_seed_20260906.pdb	results
dae5faba8ea9d12e048e6fbea5fea93ffde0c31b4067dea27e8c804cc36b002f	33291	results/phase82c_modeled_structure/colabfold_main/main_competitor__4H3651-AA__4H3365-AA_unrelaxed_rank_022_alphafold2_multimer_v3_model_5_seed_20260903.pdb	results
7a0f31488aca0c017f4a17a69bac7e575cfd389dae520b34f9c4b16aa7bca3b5	33291	results/phase82c_modeled_structure/colabfold_main/main_competitor__4H3651-AA__4H3365-AA_unrelaxed_rank_023_alphafold2_multimer_v3_model_3_seed_20260902.pdb	results
dd70e09d6fc663048cc1b82726a2b6e904c3d1a8940d1c21b6ed1dc7ccab6421	33291	results/phase82c_modeled_structure/colabfold_main/main_competitor__4H3651-AA__4H3365-AA_unrelaxed_rank_024_alphafold2_multimer_v3_model_5_seed_20260902.pdb	results
6da847947f81a316d3ea2e47e1f4c3a36d9b919744e9cbe15ede515f496c43d7	33291	results/phase82c_modeled_structure/colabfold_main/main_competitor__4H3651-AA__4H3365-AA_unrelaxed_rank_025_alphafold2_multimer_v3_model_5_seed_20260906.pdb	results
bcde123487b59300556d0f30fc31c6e1ac12efec562bae79e873450df5f8f3be	138	results/phase82c_modeled_structure/colabfold_main/main_target__4H3651-AA__4H895-AA.a3m	results
e3b0c44298fc1c149afbf4c8996fb92427ae41e4649b934ca495991b7852b855	0	results/phase82c_modeled_structure/colabfold_main/main_target__4H3651-AA__4H895-AA.done.txt	results
7e034235a1be9672640c13f5650db72c69c4b6ef339b6df3f52d14721fdeb693	20183	results/phase82c_modeled_structure/colabfold_main/main_target__4H3651-AA__4H895-AA_predicted_aligned_error_v1.json	results
964bab1b93793846e610f862ad45ce94496ba362d0648ade7f74e1ba2cc109e9	17153	results/phase82c_modeled_structure/colabfold_main/main_target__4H3651-AA__4H895-AA_scores_rank_001_alphafold2_multimer_v3_model_4_seed_20260905.json	results
67c9e3170ddf045615039a1ac6b468142182efbd897114c9a737c19b5836b24f	17216	results/phase82c_modeled_structure/colabfold_main/main_target__4H3651-AA__4H895-AA_scores_rank_002_alphafold2_multimer_v3_model_4_seed_20260904.json	results
119d760af4d10732ee0ea302ef58e079884cdcd4ae7faa05ef064d8e445fe0f9	17227	results/phase82c_modeled_structure/colabfold_main/main_target__4H3651-AA__4H895-AA_scores_rank_003_alphafold2_multimer_v3_model_4_seed_20260902.json	results
22794abbd7c1355968ac0dd6c28529b772112d70371491657edefd695168a514	17198	results/phase82c_modeled_structure/colabfold_main/main_target__4H3651-AA__4H895-AA_scores_rank_004_alphafold2_multimer_v3_model_1_seed_20260905.json	results
ec4ca62b4e7b39fb95859850b8f56d20aab8917f8e5fb090fb64b0de6092f586	17229	results/phase82c_modeled_structure/colabfold_main/main_target__4H3651-AA__4H895-AA_scores_rank_005_alphafold2_multimer_v3_model_1_seed_20260904.json	results
aec1121226927b8b9a414b1862bed0cec9908d94f5ee6bf9a04b8dc32cd8a531	17172	results/phase82c_modeled_structure/colabfold_main/main_target__4H3651-AA__4H895-AA_scores_rank_006_alphafold2_multimer_v3_model_4_seed_20260903.json	results
f0ad00937e8be260f2f5a5ad51283124a71bd1a5bde2f4aadb3784ef77f7d734	17264	results/phase82c_modeled_structure/colabfold_main/main_target__4H3651-AA__4H895-AA_scores_rank_007_alphafold2_multimer_v3_model_4_seed_20260906.json	results
21b14ac8556745ff64e9fb477c62cac983a19eaca5350573f18eb6179d722893	17211	results/phase82c_modeled_structure/colabfold_main/main_target__4H3651-AA__4H895-AA_scores_rank_008_alphafold2_multimer_v3_model_1_seed_20260903.json	results
7df179c9159e801c837648a46deeca1fc878858c71a6b793960a663a2e7fa045	17200	results/phase82c_modeled_structure/colabfold_main/main_target__4H3651-AA__4H895-AA_scores_rank_009_alphafold2_multimer_v3_model_1_seed_20260906.json	results
049846e53689f5cf5c44dceee2a66e7260ca7549bcc9127d1150c19d1519fc25	17216	results/phase82c_modeled_structure/colabfold_main/main_target__4H3651-AA__4H895-AA_scores_rank_010_alphafold2_multimer_v3_model_1_seed_20260902.json	results
1f55d3a0e2d845d171e02946dc9fa85de2311f7ea5e17fa655ad2ca41be93393	17120	results/phase82c_modeled_structure/colabfold_main/main_target__4H3651-AA__4H895-AA_scores_rank_011_alphafold2_multimer_v3_model_3_seed_20260904.json	results
f823a5cc7d43a1e28f5dd41d06706ad2c6d153a4efdf581333d7c270e77757ee	17165	results/phase82c_modeled_structure/colabfold_main/main_target__4H3651-AA__4H895-AA_scores_rank_012_alphafold2_multimer_v3_model_2_seed_20260905.json	results
407740876f57662acfb5bf985acfc11a363c1b119f3f3856605956e720777dff	17165	results/phase82c_modeled_structure/colabfold_main/main_target__4H3651-AA__4H895-AA_scores_rank_013_alphafold2_multimer_v3_model_3_seed_20260903.json	results
b41a96194ccc8c71f0ed0a611b1a5f9b9bd4023499a355b34c0a9f527f7f6b55	17147	results/phase82c_modeled_structure/colabfold_main/main_target__4H3651-AA__4H895-AA_scores_rank_014_alphafold2_multimer_v3_model_5_seed_20260905.json	results
6f0dee028f3778af6d8d352a7fbd21d1574007d5dfe139f1d753918db5c8cc7a	17192	results/phase82c_modeled_structure/colabfold_main/main_target__4H3651-AA__4H895-AA_scores_rank_015_alphafold2_multimer_v3_model_2_seed_20260904.json	results
9a9d0b6459af55be8542c8c9024eada8e4b475b72a5a4655871238e1a1b997d4	17154	results/phase82c_modeled_structure/colabfold_main/main_target__4H3651-AA__4H895-AA_scores_rank_016_alphafold2_multimer_v3_model_3_seed_20260905.json	results
19023f3cee5eeff01d527d8c558f9b480fbae622547283f98bfc965cbeb641cb	17150	results/phase82c_modeled_structure/colabfold_main/main_target__4H3651-AA__4H895-AA_scores_rank_017_alphafold2_multimer_v3_model_5_seed_20260906.json	results
b51e4d68be7f8ee64ca7e103c00861027d5f6be0e89938d6a80eeec1e2d8909d	17147	results/phase82c_modeled_structure/colabfold_main/main_target__4H3651-AA__4H895-AA_scores_rank_018_alphafold2_multimer_v3_model_3_seed_20260906.json	results
eca7aa16313b7961719b3082acad3354ce33f4802bccbd859b344ddd6bed57e8	17135	results/phase82c_modeled_structure/colabfold_main/main_target__4H3651-AA__4H895-AA_scores_rank_019_alphafold2_multimer_v3_model_5_seed_20260902.json	results
54e1d4b5c3bd5426dd6efa2edd034f71435a524864900ef0b9f9d746802babe4	17147	results/phase82c_modeled_structure/colabfold_main/main_target__4H3651-AA__4H895-AA_scores_rank_020_alphafold2_multimer_v3_model_5_seed_20260903.json	results
faaec9f5d3f73fb35b56d3658e808e8bc4600d4ce7404f66c94d2696d5d7f4af	17161	results/phase82c_modeled_structure/colabfold_main/main_target__4H3651-AA__4H895-AA_scores_rank_021_alphafold2_multimer_v3_model_5_seed_20260904.json	results
51f5bf77461cf019018b9152b54b84ea8a2747b795e68e611070094237a1981e	17211	results/phase82c_modeled_structure/colabfold_main/main_target__4H3651-AA__4H895-AA_scores_rank_022_alphafold2_multimer_v3_model_2_seed_20260902.json	results
bd191264fcb82bc8a3f7ae53370e5957d0fd06bf98ff09e711b7a3ba40e7b510	17203	results/phase82c_modeled_structure/colabfold_main/main_target__4H3651-AA__4H895-AA_scores_rank_023_alphafold2_multimer_v3_model_2_seed_20260906.json	results
4b7d224bf8958d22835a373f739d39a427c7e416c44d9143f074f1006d762ae8	17187	results/phase82c_modeled_structure/colabfold_main/main_target__4H3651-AA__4H895-AA_scores_rank_024_alphafold2_multimer_v3_model_3_seed_20260902.json	results
61c4158902b8d1d13be6970adb79982983c1e15d3c1410fc1eb7b995b9b02877	17153	results/phase82c_modeled_structure/colabfold_main/main_target__4H3651-AA__4H895-AA_scores_rank_025_alphafold2_multimer_v3_model_2_seed_20260903.json	results
4771d46b08b767c1df454e2ad69e3c78a366c085561efc58942da969d9b87a95	33291	results/phase82c_modeled_structure/colabfold_main/main_target__4H3651-AA__4H895-AA_unrelaxed_rank_001_alphafold2_multimer_v3_model_4_seed_20260905.pdb	results
e73acb8930f158be456379ee832ab8e24b2aacb44e9151234698d5422a7ffeef	33291	results/phase82c_modeled_structure/colabfold_main/main_target__4H3651-AA__4H895-AA_unrelaxed_rank_002_alphafold2_multimer_v3_model_4_seed_20260904.pdb	results
8c06ee843ddb5e0b25d89a7070ea8840a760fea6b3df06250e049fd61f0a88a2	33291	results/phase82c_modeled_structure/colabfold_main/main_target__4H3651-AA__4H895-AA_unrelaxed_rank_003_alphafold2_multimer_v3_model_4_seed_20260902.pdb	results
6668a7e42a19fd8d648e9dfa43dc4dd9c9feb846e489d8efd22e7f7366d9d720	33291	results/phase82c_modeled_structure/colabfold_main/main_target__4H3651-AA__4H895-AA_unrelaxed_rank_004_alphafold2_multimer_v3_model_1_seed_20260905.pdb	results
07365f000bdcfc80511ad04c1faa81841d6f1eb62417cc0fb566549f653569f6	33291	results/phase82c_modeled_structure/colabfold_main/main_target__4H3651-AA__4H895-AA_unrelaxed_rank_005_alphafold2_multimer_v3_model_1_seed_20260904.pdb	results
bed7a21e3a2f9542edabe7f610ecf1414d38c96cfad53fb2f21e62e31f178c44	33291	results/phase82c_modeled_structure/colabfold_main/main_target__4H3651-AA__4H895-AA_unrelaxed_rank_006_alphafold2_multimer_v3_model_4_seed_20260903.pdb	results
c93482775e56804486408f41b6829b6033ab53f7e6e9638a19b8f10c81d102c4	33291	results/phase82c_modeled_structure/colabfold_main/main_target__4H3651-AA__4H895-AA_unrelaxed_rank_007_alphafold2_multimer_v3_model_4_seed_20260906.pdb	results
09cab85c98b9b0956a863ace6b5c0e85e8b23f798b6ebfd7e100a17674406e09	33291	results/phase82c_modeled_structure/colabfold_main/main_target__4H3651-AA__4H895-AA_unrelaxed_rank_008_alphafold2_multimer_v3_model_1_seed_20260903.pdb	results
c851210bd0152e74ce2cece7c3bdf59bebd6af559cd10d83284bf74e24456d99	33291	results/phase82c_modeled_structure/colabfold_main/main_target__4H3651-AA__4H895-AA_unrelaxed_rank_009_alphafold2_multimer_v3_model_1_seed_20260906.pdb	results
b665bae16804dd06e2ccf774af06f44b2641de46c934a43258abf7acee684283	33291	results/phase82c_modeled_structure/colabfold_main/main_target__4H3651-AA__4H895-AA_unrelaxed_rank_010_alphafold2_multimer_v3_model_1_seed_20260902.pdb	results
e83f01ef335ae6c0ff4de463350cd084bbd5cab652c69389da5746171c4d2cea	33291	results/phase82c_modeled_structure/colabfold_main/main_target__4H3651-AA__4H895-AA_unrelaxed_rank_011_alphafold2_multimer_v3_model_3_seed_20260904.pdb	results
6b4c8efde937ba49a073e974b0a9570c4e3fefaf19bba13421824c8035107719	33291	results/phase82c_modeled_structure/colabfold_main/main_target__4H3651-AA__4H895-AA_unrelaxed_rank_012_alphafold2_multimer_v3_model_2_seed_20260905.pdb	results
0c23e037729175da9d4eeb45bd48b80b7da754fd91fb80e5bc9f433071242c4f	33291	results/phase82c_modeled_structure/colabfold_main/main_target__4H3651-AA__4H895-AA_unrelaxed_rank_013_alphafold2_multimer_v3_model_3_seed_20260903.pdb	results
1aa0f0ef2c5222a2ab85253e28b2c91b5e00e802b4406cc5a4692445eac071cc	33291	results/phase82c_modeled_structure/colabfold_main/main_target__4H3651-AA__4H895-AA_unrelaxed_rank_014_alphafold2_multimer_v3_model_5_seed_20260905.pdb	results
9f88fc42430839e9358886047ed64c4fa5efbe9a805d59bad3cef0ed3d529f3c	33291	results/phase82c_modeled_structure/colabfold_main/main_target__4H3651-AA__4H895-AA_unrelaxed_rank_015_alphafold2_multimer_v3_model_2_seed_20260904.pdb	results
47ec671424c3e8bd45f20c57cc27be106042b5cade874f737a5440b8af217b03	33291	results/phase82c_modeled_structure/colabfold_main/main_target__4H3651-AA__4H895-AA_unrelaxed_rank_016_alphafold2_multimer_v3_model_3_seed_20260905.pdb	results
64512bf562dca9533c113f1ce843b956f5da1a0cbc7597f44ba2e199b05be6b1	33291	results/phase82c_modeled_structure/colabfold_main/main_target__4H3651-AA__4H895-AA_unrelaxed_rank_017_alphafold2_multimer_v3_model_5_seed_20260906.pdb	results
2acdd065f8d05a55cd75e269baef5de7a3ecad31925a3f62eab570b770ae80db	33291	results/phase82c_modeled_structure/colabfold_main/main_target__4H3651-AA__4H895-AA_unrelaxed_rank_018_alphafold2_multimer_v3_model_3_seed_20260906.pdb	results
4d71282a91897743f36374462b01ca19cf3c4c1ecb78e08660d1022b9f3ccbda	33291	results/phase82c_modeled_structure/colabfold_main/main_target__4H3651-AA__4H895-AA_unrelaxed_rank_019_alphafold2_multimer_v3_model_5_seed_20260902.pdb	results
a37b8a9f3c9d1b63b9a0c2490757ee5734fdf906dc52e4fe372df23e24411612	33291	results/phase82c_modeled_structure/colabfold_main/main_target__4H3651-AA__4H895-AA_unrelaxed_rank_020_alphafold2_multimer_v3_model_5_seed_20260903.pdb	results
c2a2051b6283e2db64137a014ff5ce30a92d4602fa46c622155b6c846a1f5dcf	33291	results/phase82c_modeled_structure/colabfold_main/main_target__4H3651-AA__4H895-AA_unrelaxed_rank_021_alphafold2_multimer_v3_model_5_seed_20260904.pdb	results
2952969801c7b3f175a390d47d6a2ad6af60230a055cd81f4c0e8efc5a57c005	33291	results/phase82c_modeled_structure/colabfold_main/main_target__4H3651-AA__4H895-AA_unrelaxed_rank_022_alphafold2_multimer_v3_model_2_seed_20260902.pdb	results
dfc770c1ef03e4f9bd82828de4f0087789034901d272d3d5a21111f3741e322d	33291	results/phase82c_modeled_structure/colabfold_main/main_target__4H3651-AA__4H895-AA_unrelaxed_rank_023_alphafold2_multimer_v3_model_2_seed_20260906.pdb	results
9c94992ac0514077b9a94fabf728be4c566a12f1e63c5261d5fafb95c0a5a058	33291	results/phase82c_modeled_structure/colabfold_main/main_target__4H3651-AA__4H895-AA_unrelaxed_rank_024_alphafold2_multimer_v3_model_3_seed_20260902.pdb	results
4c441e5220a2a03fd853cef4ce7192e9e856a22e67fb4a9927daa2515d8a913a	33291	results/phase82c_modeled_structure/colabfold_main/main_target__4H3651-AA__4H895-AA_unrelaxed_rank_025_alphafold2_multimer_v3_model_2_seed_20260903.pdb	results
1faf1c2d0e80f649f318290ff808490f44caece09115321e4ff2390e412ba258	193	results/phase82c_modeled_structure/heptad_phase_audit.csv	results
cadc2f76939207005b00c59268f8667dd211b4eb31d2ce02d457da7ba102e0fe	99	results/phase82c_modeled_structure/inputs/main_competitor.fasta	results
6be600878631cf8f587b70f41952ff7b09d4757d0df25757f298cb208f3b89e2	193	results/phase82c_modeled_structure/inputs/main_pair_batch.fasta	results
0166c2d79a8daa5be6c9dca5870caba394ea772c0e42d0290ce3877c087546e6	94	results/phase82c_modeled_structure/inputs/main_target.fasta	results
aa521ba8e9a91443531da4edf152bd68994828c23d9f0b964ca1558d190b179a	609515	results/phase82c_modeled_structure/interchain_contacts_by_prediction.csv	results
2e17ac31648febbb2926891b9e4da57ac81590e2becb1c4712d9350cc756e2ea	692	results/phase82c_modeled_structure/model_ensemble_summary.csv	results
14c5339e11a4916a3069ad9fc2abf540f9f6a2e4df02de117f59e92b789c93bc	21115	results/phase82c_modeled_structure/model_geometry_by_prediction.csv	results
e80fedc1e79630cae864bb7cb7653e5fd5a06c809a0774c99e62db2b48eef2b4	729986	results/phase82c_modeled_structure/run_colabfold_main.log	results
0f9c6957e37ea1c3a5d8d9134618333f2504120887fa7116169a6d9772e5ae3f	3036	results/phase82c_modeled_structure/run_model_analysis.log	results
ea2c04ca3d7cc100ac15990e17d5e0ef1d8be423041c94ddcebac9e301d22777	730418	results/phase82c_modeled_structure/run_phase82c1_colabfold_main.log	results
d1672603d9e29c3870e484d1f10ced748f3421bd6965c924620dfe65218ef79b	1130	results/phase82c_modeled_structure/selected_rank1_models.csv	results
2f01b6bb6bc6e5f7c8f5f35432d64ed6ca41c948a0fc77cb90e09ac80f2c2ae5	5489	results/phase82c_modeled_structure/sequence_heptad_map.csv	results
f13650da0f12174f86ec2ea6e1f9dceb664e94c99279738fdbb8abc8fa949378	462	results/phase82d_matched_orientation/MATCHED_ORIENTATION_GATE.json	results
468a1b36daec56445712c4ddd4b28e046abdc34efc543791faa6bd35c7a66694	1089	results/phase82d_matched_orientation/MATCHED_ORIENTATION_PREP.json	results
70e1f4116908ffd85a0cb172b6c3463da164813e71f16d98974a00ff3bc26335	1020	results/phase82d_matched_orientation/colabfold_candidates/cite.bibtex	results
f43cedd9c09612d4ea6e7c82507fdb0a9692d16147958c0886bd67e0806a6000	1184	results/phase82d_matched_orientation/colabfold_candidates/config.json	results
b3683e2d8b282eb0411c7e4801602ef41762845c1c91fe6dfa6952b4bfeb87dc	76467	results/phase82d_matched_orientation/colabfold_candidates/log.txt	results
686174e45f364cd247dbcc9d8dfadd4955a43a36b86df064844d434fec85a229	138	results/phase82d_matched_orientation/colabfold_candidates/matchedcand_02__4H3651-AA__4H1802-AA.a3m	results
e3b0c44298fc1c149afbf4c8996fb92427ae41e4649b934ca495991b7852b855	0	results/phase82d_matched_orientation/colabfold_candidates/matchedcand_02__4H3651-AA__4H1802-AA.done.txt	results
2b6deb94beb3875f4994b613d2eba0d0d590bc59cbdba5c03469fef36b0ad832	20219	results/phase82d_matched_orientation/colabfold_candidates/matchedcand_02__4H3651-AA__4H1802-AA_predicted_aligned_error_v1.json	results
88bda21d2b13a29917aefe8e96cc9c81c3225d444a1c5893cda397b406288f71	17187	results/phase82d_matched_orientation/colabfold_candidates/matchedcand_02__4H3651-AA__4H1802-AA_scores_rank_001_alphafold2_multimer_v3_model_4_seed_20260902.json	results
a26760dc8d28ca959d247fe82e98b319266f019448952c703027c9ed76ac0a00	17199	results/phase82d_matched_orientation/colabfold_candidates/matchedcand_02__4H3651-AA__4H1802-AA_scores_rank_002_alphafold2_multimer_v3_model_4_seed_20260905.json	results
88f02e171711971693149b66c62793daa78eabc0c381f2a11b4f36a7d39c88ee	17160	results/phase82d_matched_orientation/colabfold_candidates/matchedcand_02__4H3651-AA__4H1802-AA_scores_rank_003_alphafold2_multimer_v3_model_4_seed_20260906.json	results
252cb7818718a813033ae1f5e99b3e51b272751024dece3d46417d87319ea169	17170	results/phase82d_matched_orientation/colabfold_candidates/matchedcand_02__4H3651-AA__4H1802-AA_scores_rank_004_alphafold2_multimer_v3_model_4_seed_20260903.json	results
eaf9dcbd1338c2c714e5404d34ba78741b0b4972439952b2f8ba007118f4251e	17140	results/phase82d_matched_orientation/colabfold_candidates/matchedcand_02__4H3651-AA__4H1802-AA_scores_rank_005_alphafold2_multimer_v3_model_1_seed_20260904.json	results
9b7d0ea79f21de448588a4a646c586458ccdf8302ea10355625f329da242056c	17117	results/phase82d_matched_orientation/colabfold_candidates/matchedcand_02__4H3651-AA__4H1802-AA_scores_rank_006_alphafold2_multimer_v3_model_1_seed_20260905.json	results
2d9f2d95205896f47527d5cd594bd61bebebf64d9f77743be42b29bcacd606c3	17158	results/phase82d_matched_orientation/colabfold_candidates/matchedcand_02__4H3651-AA__4H1802-AA_scores_rank_007_alphafold2_multimer_v3_model_1_seed_20260906.json	results
5e7df6b252d7c3d55aa84599a30b2e76d9fa041b38c15b8831e12d79b612c0c1	17095	results/phase82d_matched_orientation/colabfold_candidates/matchedcand_02__4H3651-AA__4H1802-AA_scores_rank_008_alphafold2_multimer_v3_model_5_seed_20260906.json	results
646d37eefdfffa94b51c3570102d82848737fdc85cf65411dbe1826582fe768a	17111	results/phase82d_matched_orientation/colabfold_candidates/matchedcand_02__4H3651-AA__4H1802-AA_scores_rank_009_alphafold2_multimer_v3_model_5_seed_20260904.json	results
c77dd8b16da467ac6d3a3647c94352fd30563e94d07c6e3cf3e36d29d2a5a9a3	17133	results/phase82d_matched_orientation/colabfold_candidates/matchedcand_02__4H3651-AA__4H1802-AA_scores_rank_010_alphafold2_multimer_v3_model_5_seed_20260902.json	results
b87888fc15a74a92f31db9da20f13e1940a7c7ba5eccc99eb5a4cd331ce252c6	17115	results/phase82d_matched_orientation/colabfold_candidates/matchedcand_02__4H3651-AA__4H1802-AA_scores_rank_011_alphafold2_multimer_v3_model_3_seed_20260904.json	results
0e0f83157e8fc98b772e68f5209c4bb3a849927efd532be6c17e78a53f5e61bc	17103	results/phase82d_matched_orientation/colabfold_candidates/matchedcand_02__4H3651-AA__4H1802-AA_scores_rank_012_alphafold2_multimer_v3_model_5_seed_20260905.json	results
68186e023fbc5fbe79679f7a02b9fc8a332dd07abb17359a9f59c385dd05acaa	17157	results/phase82d_matched_orientation/colabfold_candidates/matchedcand_02__4H3651-AA__4H1802-AA_scores_rank_013_alphafold2_multimer_v3_model_5_seed_20260903.json	results
a1196ff6e47e3320d6958420be64e7e23b442c13cc0e7a3ebe1634463c4fbaba	17132	results/phase82d_matched_orientation/colabfold_candidates/matchedcand_02__4H3651-AA__4H1802-AA_scores_rank_014_alphafold2_multimer_v3_model_3_seed_20260903.json	results
073e8305a0a5a3708e1f99cdc59730087b3ad47493bafbefeb04a1a4b2b5bd5e	17144	results/phase82d_matched_orientation/colabfold_candidates/matchedcand_02__4H3651-AA__4H1802-AA_scores_rank_015_alphafold2_multimer_v3_model_2_seed_20260906.json	results
a898406a49315ad8057ac20c704cc001f3ec3cd70ef0a0c4561e910356b80167	17146	results/phase82d_matched_orientation/colabfold_candidates/matchedcand_02__4H3651-AA__4H1802-AA_scores_rank_016_alphafold2_multimer_v3_model_2_seed_20260904.json	results
e7211a2f3acd5a82ec31b571555a16ed7699734afac5f5f10c72b5fec51a1687	17139	results/phase82d_matched_orientation/colabfold_candidates/matchedcand_02__4H3651-AA__4H1802-AA_scores_rank_017_alphafold2_multimer_v3_model_2_seed_20260905.json	results
99042d2d6f99d59e755793dd5ba85b67ce4b81660281cb8d70133735ba5c82b8	17157	results/phase82d_matched_orientation/colabfold_candidates/matchedcand_02__4H3651-AA__4H1802-AA_scores_rank_018_alphafold2_multimer_v3_model_2_seed_20260902.json	results
d3ff9e4b64a88a0ff9606a7247d085516608187df05d949c12fc8666e59b9e50	17241	results/phase82d_matched_orientation/colabfold_candidates/matchedcand_02__4H3651-AA__4H1802-AA_scores_rank_019_alphafold2_multimer_v3_model_4_seed_20260904.json	results
4d12bf48cf10e46ba508698e4b734db1fd3666df1aa16b2443433d15c68ff21c	18044	results/phase82d_matched_orientation/colabfold_candidates/matchedcand_02__4H3651-AA__4H1802-AA_scores_rank_020_alphafold2_multimer_v3_model_1_seed_20260903.json	results
06cb3a864eaf686bbd21ce231bbf2f1d53cc8aa77f729a6721a692acfbb50408	18100	results/phase82d_matched_orientation/colabfold_candidates/matchedcand_02__4H3651-AA__4H1802-AA_scores_rank_021_alphafold2_multimer_v3_model_1_seed_20260902.json	results
752eca5d133e4ab444f6b62a133937e47117ee578479afc51b991d41278fe55c	18375	results/phase82d_matched_orientation/colabfold_candidates/matchedcand_02__4H3651-AA__4H1802-AA_scores_rank_022_alphafold2_multimer_v3_model_2_seed_20260903.json	results
9bdbc19c6621dd6a986d68b1f4d6aad30ed491f37e1365cd6ae99b7b37a976fc	18701	results/phase82d_matched_orientation/colabfold_candidates/matchedcand_02__4H3651-AA__4H1802-AA_scores_rank_023_alphafold2_multimer_v3_model_3_seed_20260906.json	results
83b615184b74ed8a3f1cffcfd0e90dfb57d7815bd8eb5df588c4873a29383784	18710	results/phase82d_matched_orientation/colabfold_candidates/matchedcand_02__4H3651-AA__4H1802-AA_scores_rank_024_alphafold2_multimer_v3_model_3_seed_20260905.json	results
24927de0552feef3afec918058d78921570c35c593cb4ab4183d6aea9c370d13	18740	results/phase82d_matched_orientation/colabfold_candidates/matchedcand_02__4H3651-AA__4H1802-AA_scores_rank_025_alphafold2_multimer_v3_model_3_seed_20260902.json	results
31b9c89d8ce43981fcd1b4f45899b10a2456a673618ed6e2f6ee8479bee29bd8	33291	results/phase82d_matched_orientation/colabfold_candidates/matchedcand_02__4H3651-AA__4H1802-AA_unrelaxed_rank_001_alphafold2_multimer_v3_model_4_seed_20260902.pdb	results
31fc997266f6f6c03e48e845a7a7ffe3c9580bb3539025fc68982f20d13e4712	33291	results/phase82d_matched_orientation/colabfold_candidates/matchedcand_02__4H3651-AA__4H1802-AA_unrelaxed_rank_002_alphafold2_multimer_v3_model_4_seed_20260905.pdb	results
8889976fce427bc3d4db9b2ea1648dc5a12ff4ccede948d71e1b8bc6ea17d28e	33291	results/phase82d_matched_orientation/colabfold_candidates/matchedcand_02__4H3651-AA__4H1802-AA_unrelaxed_rank_003_alphafold2_multimer_v3_model_4_seed_20260906.pdb	results
d2b8d023dac0c02e786af056498650ddde82df1c482979e4228f81db73353661	33291	results/phase82d_matched_orientation/colabfold_candidates/matchedcand_02__4H3651-AA__4H1802-AA_unrelaxed_rank_004_alphafold2_multimer_v3_model_4_seed_20260903.pdb	results
57554617afd022d71d507eae6e0989a36311624bac6b4eeafcf674a598924257	33291	results/phase82d_matched_orientation/colabfold_candidates/matchedcand_02__4H3651-AA__4H1802-AA_unrelaxed_rank_005_alphafold2_multimer_v3_model_1_seed_20260904.pdb	results
b0558e410293d2d12fa83fabd37683856e5187efc02578eb5f6514d258822f72	33291	results/phase82d_matched_orientation/colabfold_candidates/matchedcand_02__4H3651-AA__4H1802-AA_unrelaxed_rank_006_alphafold2_multimer_v3_model_1_seed_20260905.pdb	results
e96ffb54d4a0383046023d9df13a7aefdaf52a4fa16f149853f6ae70a80fa1bb	33291	results/phase82d_matched_orientation/colabfold_candidates/matchedcand_02__4H3651-AA__4H1802-AA_unrelaxed_rank_007_alphafold2_multimer_v3_model_1_seed_20260906.pdb	results
a1533111a6300603121f02afe721fffb9eee560def11981ae9ffc42bd4e36318	33291	results/phase82d_matched_orientation/colabfold_candidates/matchedcand_02__4H3651-AA__4H1802-AA_unrelaxed_rank_008_alphafold2_multimer_v3_model_5_seed_20260906.pdb	results
2faeaf65b250ca152f66b6bc52626e00b66dc104af4939e113ff75be8ace6453	33291	results/phase82d_matched_orientation/colabfold_candidates/matchedcand_02__4H3651-AA__4H1802-AA_unrelaxed_rank_009_alphafold2_multimer_v3_model_5_seed_20260904.pdb	results
ea3db5bf58c7da7e8120b352abbaba0769e523d8e9c8334d11cbb7c06a58abe5	33291	results/phase82d_matched_orientation/colabfold_candidates/matchedcand_02__4H3651-AA__4H1802-AA_unrelaxed_rank_010_alphafold2_multimer_v3_model_5_seed_20260902.pdb	results
3089f7b112233f042e61c22d6e45cf141370acff0146b3472371f242e19be902	33291	results/phase82d_matched_orientation/colabfold_candidates/matchedcand_02__4H3651-AA__4H1802-AA_unrelaxed_rank_011_alphafold2_multimer_v3_model_3_seed_20260904.pdb	results
d571f20fa248a56fd8ed9c01705696531d1f5210b12645bf5bbaabac741d8dcd	33291	results/phase82d_matched_orientation/colabfold_candidates/matchedcand_02__4H3651-AA__4H1802-AA_unrelaxed_rank_012_alphafold2_multimer_v3_model_5_seed_20260905.pdb	results
5c6821c3715cd33f970a940f4d24166672fdd6f0fd4e95f468f43fed27465896	33291	results/phase82d_matched_orientation/colabfold_candidates/matchedcand_02__4H3651-AA__4H1802-AA_unrelaxed_rank_013_alphafold2_multimer_v3_model_5_seed_20260903.pdb	results
071ffb135596c675ae9195f3a54378a9c7db679d3df8d3339a843f25784834f6	33291	results/phase82d_matched_orientation/colabfold_candidates/matchedcand_02__4H3651-AA__4H1802-AA_unrelaxed_rank_014_alphafold2_multimer_v3_model_3_seed_20260903.pdb	results
babce126e02c4e5ba616e6a9618e13606e560d7904832cb84fa8924d822be116	33291	results/phase82d_matched_orientation/colabfold_candidates/matchedcand_02__4H3651-AA__4H1802-AA_unrelaxed_rank_015_alphafold2_multimer_v3_model_2_seed_20260906.pdb	results
cbd51955f89f4c8a5c5d91d4e6ff1472205d8554a1b24b0bca6c503935ecec3d	33291	results/phase82d_matched_orientation/colabfold_candidates/matchedcand_02__4H3651-AA__4H1802-AA_unrelaxed_rank_016_alphafold2_multimer_v3_model_2_seed_20260904.pdb	results
09126b479cd0fb2d0c9a9d9c7a39c0b1fb4687e7f650f8f0d7f093e43ad47c5e	33291	results/phase82d_matched_orientation/colabfold_candidates/matchedcand_02__4H3651-AA__4H1802-AA_unrelaxed_rank_017_alphafold2_multimer_v3_model_2_seed_20260905.pdb	results
1cba49493142f8e269d58935f5ff5106471744afaaad7dde3195457b3a79dee0	33291	results/phase82d_matched_orientation/colabfold_candidates/matchedcand_02__4H3651-AA__4H1802-AA_unrelaxed_rank_018_alphafold2_multimer_v3_model_2_seed_20260902.pdb	results
fbff22dd29b51f061c8fe6cff618c7357d1b118c84480c3ff782abb8d17f22ee	33291	results/phase82d_matched_orientation/colabfold_candidates/matchedcand_02__4H3651-AA__4H1802-AA_unrelaxed_rank_019_alphafold2_multimer_v3_model_4_seed_20260904.pdb	results
abe1c15ccae44a41bf15f32d06923629db25ecf08623f6ee722f46b96c29fe76	33291	results/phase82d_matched_orientation/colabfold_candidates/matchedcand_02__4H3651-AA__4H1802-AA_unrelaxed_rank_020_alphafold2_multimer_v3_model_1_seed_20260903.pdb	results
616544327bcb697014ebc2e7dc87ae8fd11370b0d407f4a84d2f57de5061665b	33291	results/phase82d_matched_orientation/colabfold_candidates/matchedcand_02__4H3651-AA__4H1802-AA_unrelaxed_rank_021_alphafold2_multimer_v3_model_1_seed_20260902.pdb	results
f01e8616a768083cd26a750656b514e23223ba46fd2dfe2c0c1242fa5532cd65	33291	results/phase82d_matched_orientation/colabfold_candidates/matchedcand_02__4H3651-AA__4H1802-AA_unrelaxed_rank_022_alphafold2_multimer_v3_model_2_seed_20260903.pdb	results
2543e838a375b18a15f6b2323c624172fd4cde8cbbfde735165afcd3f7d28158	33291	results/phase82d_matched_orientation/colabfold_candidates/matchedcand_02__4H3651-AA__4H1802-AA_unrelaxed_rank_023_alphafold2_multimer_v3_model_3_seed_20260906.pdb	results
9c116189162b190b83de69917f80b75f86d306a22636fe2b4c126c2ea3de3a99	33291	results/phase82d_matched_orientation/colabfold_candidates/matchedcand_02__4H3651-AA__4H1802-AA_unrelaxed_rank_024_alphafold2_multimer_v3_model_3_seed_20260905.pdb	results
3da260d9757c9def23c38c2b91cc9402a0ea7f83016b68f05fea882a30f65dff	33291	results/phase82d_matched_orientation/colabfold_candidates/matchedcand_02__4H3651-AA__4H1802-AA_unrelaxed_rank_025_alphafold2_multimer_v3_model_3_seed_20260902.pdb	results
4e346bff31ac4f63a79755ac837a88a386096a13dcf7bebef081f8c9f0cc5ca7	138	results/phase82d_matched_orientation/colabfold_candidates/matchedcand_03__4H3651-AA__4H2750-AA.a3m	results
e3b0c44298fc1c149afbf4c8996fb92427ae41e4649b934ca495991b7852b855	0	results/phase82d_matched_orientation/colabfold_candidates/matchedcand_03__4H3651-AA__4H2750-AA.done.txt	results
80eab8efe1b8132ffec627d175979d4ebe6b488e0824fc53555aec9ab2d7b085	20210	results/phase82d_matched_orientation/colabfold_candidates/matchedcand_03__4H3651-AA__4H2750-AA_predicted_aligned_error_v1.json	results
d4541372795008c5d3d0666bc4e86b286ef5bf87557c391ef27f06efc33bf68d	17179	results/phase82d_matched_orientation/colabfold_candidates/matchedcand_03__4H3651-AA__4H2750-AA_scores_rank_001_alphafold2_multimer_v3_model_4_seed_20260905.json	results
c30e97f0dbf2b7793af431c7f995530c0d7c41ad85b3b7a39dc10bd32d76c118	17172	results/phase82d_matched_orientation/colabfold_candidates/matchedcand_03__4H3651-AA__4H2750-AA_scores_rank_002_alphafold2_multimer_v3_model_4_seed_20260904.json	results
b60e8d18411ba4c22233747b408017eaa47cea9dae0fe4bdcf0f8ecb449609b6	17173	results/phase82d_matched_orientation/colabfold_candidates/matchedcand_03__4H3651-AA__4H2750-AA_scores_rank_003_alphafold2_multimer_v3_model_1_seed_20260903.json	results
211e8bb6a75478bf8f3098f124119c70d00aa0f845f053ab309e9a10311314d1	17177	results/phase82d_matched_orientation/colabfold_candidates/matchedcand_03__4H3651-AA__4H2750-AA_scores_rank_004_alphafold2_multimer_v3_model_4_seed_20260902.json	results
727412dd1014aab3bdf997f8cf8baeda7119751ff4b89dcdab1559ee6de9c253	17162	results/phase82d_matched_orientation/colabfold_candidates/matchedcand_03__4H3651-AA__4H2750-AA_scores_rank_005_alphafold2_multimer_v3_model_4_seed_20260906.json	results
6ce27ccf4fb62f7a0e69765c78575999c371e6eb69a6330c1ef16750b70c5538	17168	results/phase82d_matched_orientation/colabfold_candidates/matchedcand_03__4H3651-AA__4H2750-AA_scores_rank_006_alphafold2_multimer_v3_model_4_seed_20260903.json	results
69225a98d2409e7f42e45c3bf9b1b54af4b58c22a8f9a99b9ab4972be45ac01e	17160	results/phase82d_matched_orientation/colabfold_candidates/matchedcand_03__4H3651-AA__4H2750-AA_scores_rank_007_alphafold2_multimer_v3_model_3_seed_20260905.json	results
24a4bb668b4aa84018b3b0fb461f09de0153888474761882e346fa53933844f3	17111	results/phase82d_matched_orientation/colabfold_candidates/matchedcand_03__4H3651-AA__4H2750-AA_scores_rank_008_alphafold2_multimer_v3_model_5_seed_20260904.json	results
d26727bb6f9ceb639d616eaba8a5b0a0d8162ea7b56e0b14b4d250c38bd0ac74	17136	results/phase82d_matched_orientation/colabfold_candidates/matchedcand_03__4H3651-AA__4H2750-AA_scores_rank_009_alphafold2_multimer_v3_model_5_seed_20260905.json	results
86711491adcc95458b7dda4af7b2913d10e9dbd2edd1351aee4d890fe1df6cd8	17142	results/phase82d_matched_orientation/colabfold_candidates/matchedcand_03__4H3651-AA__4H2750-AA_scores_rank_010_alphafold2_multimer_v3_model_5_seed_20260902.json	results
f0f5eb4a107baabd645b219b7e3fdbc2f46e924453bce6dac7623eae827cf029	17127	results/phase82d_matched_orientation/colabfold_candidates/matchedcand_03__4H3651-AA__4H2750-AA_scores_rank_011_alphafold2_multimer_v3_model_3_seed_20260906.json	results
c697a9f8cb3d69755e0d16228a3b3d29dbbcfce65d0728155e2f561b845d65b4	17168	results/phase82d_matched_orientation/colabfold_candidates/matchedcand_03__4H3651-AA__4H2750-AA_scores_rank_012_alphafold2_multimer_v3_model_2_seed_20260905.json	results
987200a83340d3bead98d83fe3b76bb969017430079aa3c073ad66a8a2a52665	17163	results/phase82d_matched_orientation/colabfold_candidates/matchedcand_03__4H3651-AA__4H2750-AA_scores_rank_013_alphafold2_multimer_v3_model_1_seed_20260902.json	results
720452262665e408b48a38f71cae3327bb55edcb5a424a8762a6307cd176f845	17169	results/phase82d_matched_orientation/colabfold_candidates/matchedcand_03__4H3651-AA__4H2750-AA_scores_rank_014_alphafold2_multimer_v3_model_2_seed_20260902.json	results
0bef92b445db83e7be574b03b7bf951b29de0ba2c0f3e8e23474e908c4ec7f82	17164	results/phase82d_matched_orientation/colabfold_candidates/matchedcand_03__4H3651-AA__4H2750-AA_scores_rank_015_alphafold2_multimer_v3_model_5_seed_20260903.json	results
dc7bc2ce529082a2896810692885f68761beff1dfaa2b5411d564585402be4fa	17198	results/phase82d_matched_orientation/colabfold_candidates/matchedcand_03__4H3651-AA__4H2750-AA_scores_rank_016_alphafold2_multimer_v3_model_3_seed_20260903.json	results
dd3efac2740e47e1aef779e48c309e2142d8b07fccd7b1bd5d2e287e6a227d44	17169	results/phase82d_matched_orientation/colabfold_candidates/matchedcand_03__4H3651-AA__4H2750-AA_scores_rank_017_alphafold2_multimer_v3_model_2_seed_20260904.json	results
40f48d9ad778bf76cae4c62e950fbd92373e25bbb14519da773282f0a1a45a47	17170	results/phase82d_matched_orientation/colabfold_candidates/matchedcand_03__4H3651-AA__4H2750-AA_scores_rank_018_alphafold2_multimer_v3_model_2_seed_20260903.json	results
fcbccb7afd89fbb2b7ed72d7590cb955848eff54e7cb61c7550f456331ce0c45	17112	results/phase82d_matched_orientation/colabfold_candidates/matchedcand_03__4H3651-AA__4H2750-AA_scores_rank_019_alphafold2_multimer_v3_model_3_seed_20260902.json	results
9b91894a54ee68de3ddb740da224b56574943e03d5fdf7a2ba9aea06be9acc2c	17154	results/phase82d_matched_orientation/colabfold_candidates/matchedcand_03__4H3651-AA__4H2750-AA_scores_rank_020_alphafold2_multimer_v3_model_1_seed_20260905.json	results
e5fff4763d131d2e85bd4bbca9d4e0300ae2f76de2ca3d6397a2cef231b0b30d	18340	results/phase82d_matched_orientation/colabfold_candidates/matchedcand_03__4H3651-AA__4H2750-AA_scores_rank_021_alphafold2_multimer_v3_model_2_seed_20260906.json	results
9157a002be3c4e74c1a3dfbdb8349857ae64ff0505be1cda9001424d5ecc1f7c	18361	results/phase82d_matched_orientation/colabfold_candidates/matchedcand_03__4H3651-AA__4H2750-AA_scores_rank_022_alphafold2_multimer_v3_model_1_seed_20260906.json	results
b7c687421556cc8fd43d566bb7201ebab0f5c692a79aff2470b5ea446c86aae6	18382	results/phase82d_matched_orientation/colabfold_candidates/matchedcand_03__4H3651-AA__4H2750-AA_scores_rank_023_alphafold2_multimer_v3_model_3_seed_20260904.json	results
ac2be70347b4d021b4ebfd82ea143eeecb274ed0c2ccc8c6b68c693e74bcd85c	18690	results/phase82d_matched_orientation/colabfold_candidates/matchedcand_03__4H3651-AA__4H2750-AA_scores_rank_024_alphafold2_multimer_v3_model_5_seed_20260906.json	results
5b18b32b8f181fc484d660f7ca676a928a79b9fd868e8ac497432770fa704bd1	18671	results/phase82d_matched_orientation/colabfold_candidates/matchedcand_03__4H3651-AA__4H2750-AA_scores_rank_025_alphafold2_multimer_v3_model_1_seed_20260904.json	results
11574b1e50b54a2eca869c515378b324c6112df419b14ef91a7205c98e3301ed	33291	results/phase82d_matched_orientation/colabfold_candidates/matchedcand_03__4H3651-AA__4H2750-AA_unrelaxed_rank_001_alphafold2_multimer_v3_model_4_seed_20260905.pdb	results
08b775e41e8dc9e4ee8b64915ac4d7db9c45f27762c3d6d11c6d5b119f5f67f2	33291	results/phase82d_matched_orientation/colabfold_candidates/matchedcand_03__4H3651-AA__4H2750-AA_unrelaxed_rank_002_alphafold2_multimer_v3_model_4_seed_20260904.pdb	results
883cf2ef4e99dbb3158d5a262712c0e13f44be07f9ee0c0d23d541a0984dac05	33291	results/phase82d_matched_orientation/colabfold_candidates/matchedcand_03__4H3651-AA__4H2750-AA_unrelaxed_rank_003_alphafold2_multimer_v3_model_1_seed_20260903.pdb	results
8b2e56bab28a93f446d6ccddb8d5706a9ec0b8c7c14d7601b90f984ea1d31713	33291	results/phase82d_matched_orientation/colabfold_candidates/matchedcand_03__4H3651-AA__4H2750-AA_unrelaxed_rank_004_alphafold2_multimer_v3_model_4_seed_20260902.pdb	results
c9e6d853c443ab98d70ae0b552438f07987ff7375bf060f7c8680471f11b97f0	33291	results/phase82d_matched_orientation/colabfold_candidates/matchedcand_03__4H3651-AA__4H2750-AA_unrelaxed_rank_005_alphafold2_multimer_v3_model_4_seed_20260906.pdb	results
6fb655897332d964bd2bac40546795ef6581b2eb747f705d5c6c347ad311e86d	33291	results/phase82d_matched_orientation/colabfold_candidates/matchedcand_03__4H3651-AA__4H2750-AA_unrelaxed_rank_006_alphafold2_multimer_v3_model_4_seed_20260903.pdb	results
8aede593c53ce69a2cd81ede1dd68182fef7780b38badafcd38216c1b094dd7a	33291	results/phase82d_matched_orientation/colabfold_candidates/matchedcand_03__4H3651-AA__4H2750-AA_unrelaxed_rank_007_alphafold2_multimer_v3_model_3_seed_20260905.pdb	results
17dfa76bba81a876822b024ee4e2d77be17c27df217b20db6835730298017ea8	33291	results/phase82d_matched_orientation/colabfold_candidates/matchedcand_03__4H3651-AA__4H2750-AA_unrelaxed_rank_008_alphafold2_multimer_v3_model_5_seed_20260904.pdb	results
bb7d05636d556dac76157a39de0f8c9745050081f79027ab250b29b06e3ea6c8	33291	results/phase82d_matched_orientation/colabfold_candidates/matchedcand_03__4H3651-AA__4H2750-AA_unrelaxed_rank_009_alphafold2_multimer_v3_model_5_seed_20260905.pdb	results
f0a82a84815c0babeb813280eddb198870248d76e5ffe764659e0aff3a4e65e2	33291	results/phase82d_matched_orientation/colabfold_candidates/matchedcand_03__4H3651-AA__4H2750-AA_unrelaxed_rank_010_alphafold2_multimer_v3_model_5_seed_20260902.pdb	results
e095211e46abdbd8ce2ff1143fc5c4fd093c0f7b92c55ec69b2a1f9df1f84015	33291	results/phase82d_matched_orientation/colabfold_candidates/matchedcand_03__4H3651-AA__4H2750-AA_unrelaxed_rank_011_alphafold2_multimer_v3_model_3_seed_20260906.pdb	results
99f15d5b4d48c3ef57b361dcd92fe7dc7a6dcd2bcee445e29f2e0e7e3b5d45c8	33291	results/phase82d_matched_orientation/colabfold_candidates/matchedcand_03__4H3651-AA__4H2750-AA_unrelaxed_rank_012_alphafold2_multimer_v3_model_2_seed_20260905.pdb	results
6c9799056a4db7607f6129b7b50bc5c03990d3315de0838ce0bc504248e25f94	33291	results/phase82d_matched_orientation/colabfold_candidates/matchedcand_03__4H3651-AA__4H2750-AA_unrelaxed_rank_013_alphafold2_multimer_v3_model_1_seed_20260902.pdb	results
26be2a5cefdefb6f9d5e6d31ca1d8fb2b583f6a2f4dd85264b302fbe77d9a0ed	33291	results/phase82d_matched_orientation/colabfold_candidates/matchedcand_03__4H3651-AA__4H2750-AA_unrelaxed_rank_014_alphafold2_multimer_v3_model_2_seed_20260902.pdb	results
ef0b574fdd20e3410b42a28137cbfc9f59cabd746b01fa9a8ae443abe44be6ed	33291	results/phase82d_matched_orientation/colabfold_candidates/matchedcand_03__4H3651-AA__4H2750-AA_unrelaxed_rank_015_alphafold2_multimer_v3_model_5_seed_20260903.pdb	results
adf80a39ffa8b8972c932c1f17940d512f60d865eb5224f3c6e25b130319fe31	33291	results/phase82d_matched_orientation/colabfold_candidates/matchedcand_03__4H3651-AA__4H2750-AA_unrelaxed_rank_016_alphafold2_multimer_v3_model_3_seed_20260903.pdb	results
ccec6b55a3af468654640445cb72cfd85b4cc773d7c2dfafabd3856680e82f46	33291	results/phase82d_matched_orientation/colabfold_candidates/matchedcand_03__4H3651-AA__4H2750-AA_unrelaxed_rank_017_alphafold2_multimer_v3_model_2_seed_20260904.pdb	results
1db9ebe8b8c2408efdd4c6944625ff2ecbad77e52d3de143a0cc2a4a39f8672f	33291	results/phase82d_matched_orientation/colabfold_candidates/matchedcand_03__4H3651-AA__4H2750-AA_unrelaxed_rank_018_alphafold2_multimer_v3_model_2_seed_20260903.pdb	results
e6514fc53b7b0b784184363ebce9f6bb4024c21f0c8c9bc2dc8c2e1b3620c5cd	33291	results/phase82d_matched_orientation/colabfold_candidates/matchedcand_03__4H3651-AA__4H2750-AA_unrelaxed_rank_019_alphafold2_multimer_v3_model_3_seed_20260902.pdb	results
ffb4aa52fe4dc0eb483223c093d9ca725b0fe898148ea73e70995e42792b048c	33291	results/phase82d_matched_orientation/colabfold_candidates/matchedcand_03__4H3651-AA__4H2750-AA_unrelaxed_rank_020_alphafold2_multimer_v3_model_1_seed_20260905.pdb	results
30a6a3b26f21eeee3072338b0f0145d9f19cc6e86249ac4173c7d6f2e7f0a8e9	33291	results/phase82d_matched_orientation/colabfold_candidates/matchedcand_03__4H3651-AA__4H2750-AA_unrelaxed_rank_021_alphafold2_multimer_v3_model_2_seed_20260906.pdb	results
716609cd7caa5c683be90ee4d6724ebf554cbca7f1091a753b28f8ade075e863	33291	results/phase82d_matched_orientation/colabfold_candidates/matchedcand_03__4H3651-AA__4H2750-AA_unrelaxed_rank_022_alphafold2_multimer_v3_model_1_seed_20260906.pdb	results
68f23966ac2760aaa47ba90a6c01ff5ea1d3be0b7c0d3727ea1158f0da188a07	33291	results/phase82d_matched_orientation/colabfold_candidates/matchedcand_03__4H3651-AA__4H2750-AA_unrelaxed_rank_023_alphafold2_multimer_v3_model_3_seed_20260904.pdb	results
330a66f8785f5d47a94dbc930a528eab465899d5e6ff469a3cda341b20974114	33291	results/phase82d_matched_orientation/colabfold_candidates/matchedcand_03__4H3651-AA__4H2750-AA_unrelaxed_rank_024_alphafold2_multimer_v3_model_5_seed_20260906.pdb	results
0d254f11d20a07eb5ba1f2179a7eb0afd50e32ca7752682b77f044e0926ecd83	33291	results/phase82d_matched_orientation/colabfold_candidates/matchedcand_03__4H3651-AA__4H2750-AA_unrelaxed_rank_025_alphafold2_multimer_v3_model_1_seed_20260904.pdb	results
f8dc3589e8e404c163aedee720059567fa2b17bcc8ece201a7c71748382b0418	138	results/phase82d_matched_orientation/colabfold_candidates/matchedcand_04__4H3651-AA__4H140-AA.a3m	results
e3b0c44298fc1c149afbf4c8996fb92427ae41e4649b934ca495991b7852b855	0	results/phase82d_matched_orientation/colabfold_candidates/matchedcand_04__4H3651-AA__4H140-AA.done.txt	results
e655efbb3bb4cd473a6ef9d08b68e6d790791047ae52d88ec31e22be77d5f840	20187	results/phase82d_matched_orientation/colabfold_candidates/matchedcand_04__4H3651-AA__4H140-AA_predicted_aligned_error_v1.json	results
7ec0f03598270682ab58a3946c51acdf5166414eb8ad400f5f940d419c323f23	17155	results/phase82d_matched_orientation/colabfold_candidates/matchedcand_04__4H3651-AA__4H140-AA_scores_rank_001_alphafold2_multimer_v3_model_1_seed_20260904.json	results
40b5876a7a3dc569ddd0dc42977b77de395ef237eb5cb54dd9e4494f6eff9814	17159	results/phase82d_matched_orientation/colabfold_candidates/matchedcand_04__4H3651-AA__4H140-AA_scores_rank_002_alphafold2_multimer_v3_model_4_seed_20260904.json	results
4f2e55fc0da7b6017b2def45518c15f90692ec731305f8aecbb6d1b73cce1759	17084	results/phase82d_matched_orientation/colabfold_candidates/matchedcand_04__4H3651-AA__4H140-AA_scores_rank_003_alphafold2_multimer_v3_model_1_seed_20260905.json	results
5efc8e0d3f4c326332a7011acc53ca3cae377c64667b8a01fc36ac22a85b62a7	17155	results/phase82d_matched_orientation/colabfold_candidates/matchedcand_04__4H3651-AA__4H140-AA_scores_rank_004_alphafold2_multimer_v3_model_4_seed_20260905.json	results
022a582a862af8f6c7b88e2bad2e8f1bd41e12ae9411db816b6c078a903c8a05	17161	results/phase82d_matched_orientation/colabfold_candidates/matchedcand_04__4H3651-AA__4H140-AA_scores_rank_005_alphafold2_multimer_v3_model_4_seed_20260903.json	results
d2ccc01021fcc0ce65adf1c1073d9440bf1151d662aa38866c552ff706e43f24	17165	results/phase82d_matched_orientation/colabfold_candidates/matchedcand_04__4H3651-AA__4H140-AA_scores_rank_006_alphafold2_multimer_v3_model_4_seed_20260906.json	results
227f52960af836d919a3acc6cee87c57522e3c4231b0238bb91182dddc6c2b80	17179	results/phase82d_matched_orientation/colabfold_candidates/matchedcand_04__4H3651-AA__4H140-AA_scores_rank_007_alphafold2_multimer_v3_model_4_seed_20260902.json	results
45ab815f0e7dafc50c5a14cf567bc904f7515a152b195058d6c0d68743b63f69	17164	results/phase82d_matched_orientation/colabfold_candidates/matchedcand_04__4H3651-AA__4H140-AA_scores_rank_008_alphafold2_multimer_v3_model_1_seed_20260903.json	results
0c982d2edfbced598f256dc232cf48e481477b1e87b1bf7b3e7cf9a7a98106fe	17132	results/phase82d_matched_orientation/colabfold_candidates/matchedcand_04__4H3651-AA__4H140-AA_scores_rank_009_alphafold2_multimer_v3_model_1_seed_20260902.json	results
7907d8fa53c6821acd9ad3306059e7d1e590353d9616c7df98b61bef10053172	17029	results/phase82d_matched_orientation/colabfold_candidates/matchedcand_04__4H3651-AA__4H140-AA_scores_rank_010_alphafold2_multimer_v3_model_3_seed_20260905.json	results
2b73923409a48035958e3b0b202cf807df3a3c8093636fc2ae036f3989c80aad	17033	results/phase82d_matched_orientation/colabfold_candidates/matchedcand_04__4H3651-AA__4H140-AA_scores_rank_011_alphafold2_multimer_v3_model_3_seed_20260904.json	results
011a8c6dc839f6bc3c52241ec958018f985bbb7ef0cf43312de1f68e010a8f60	17047	results/phase82d_matched_orientation/colabfold_candidates/matchedcand_04__4H3651-AA__4H140-AA_scores_rank_012_alphafold2_multimer_v3_model_3_seed_20260902.json	results
11e1e4df8ffd020cd3de8e364cb1af0badda24eaac130a78d64a0343822bd590	17052	results/phase82d_matched_orientation/colabfold_candidates/matchedcand_04__4H3651-AA__4H140-AA_scores_rank_013_alphafold2_multimer_v3_model_3_seed_20260903.json	results
8ed8118a8c1bc2eb49b6bd17aa4a00e9026933c0dee9721ef947e23e42e329e3	17109	results/phase82d_matched_orientation/colabfold_candidates/matchedcand_04__4H3651-AA__4H140-AA_scores_rank_014_alphafold2_multimer_v3_model_5_seed_20260905.json	results
d18bb615506de70b1bf752ae007e1dffcd669c765f8776d8755e1fcdbf94ea3b	17125	results/phase82d_matched_orientation/colabfold_candidates/matchedcand_04__4H3651-AA__4H140-AA_scores_rank_015_alphafold2_multimer_v3_model_5_seed_20260902.json	results
79ab50d3448d1c0da165065b1b69cbea68d93591b684128b93efbf50c8068059	17109	results/phase82d_matched_orientation/colabfold_candidates/matchedcand_04__4H3651-AA__4H140-AA_scores_rank_016_alphafold2_multimer_v3_model_5_seed_20260903.json	results
aef53b4844928c5c7b0bfd92a264fbf371c4194c5800d8f226e547c1b612a640	17182	results/phase82d_matched_orientation/colabfold_candidates/matchedcand_04__4H3651-AA__4H140-AA_scores_rank_017_alphafold2_multimer_v3_model_1_seed_20260906.json	results
df22e19d00fbb8abd7a458f4ecb0f9ccfa4cb8142b6d3024ceda1a70e708c278	17093	results/phase82d_matched_orientation/colabfold_candidates/matchedcand_04__4H3651-AA__4H140-AA_scores_rank_018_alphafold2_multimer_v3_model_3_seed_20260906.json	results
79623ca8f51d7cfe3d0ab70df4782b5e5505ba2e0d2c58bebe1b39cadc720dae	17138	results/phase82d_matched_orientation/colabfold_candidates/matchedcand_04__4H3651-AA__4H140-AA_scores_rank_019_alphafold2_multimer_v3_model_5_seed_20260904.json	results
bc2b11cd16b8fae7cae46d4a7498aece1bfbc2a809ec6df422517bc4942249c9	17139	results/phase82d_matched_orientation/colabfold_candidates/matchedcand_04__4H3651-AA__4H140-AA_scores_rank_020_alphafold2_multimer_v3_model_2_seed_20260905.json	results
64bcf69b4385c8bae66648d472531bfcce84709ddbe97faa1ef7c8b5b42d2541	17122	results/phase82d_matched_orientation/colabfold_candidates/matchedcand_04__4H3651-AA__4H140-AA_scores_rank_021_alphafold2_multimer_v3_model_2_seed_20260904.json	results
0d17e1f2550ab70ca492440dcb20d67d3461b31103d0908c3fe23a7b54dd2211	17107	results/phase82d_matched_orientation/colabfold_candidates/matchedcand_04__4H3651-AA__4H140-AA_scores_rank_022_alphafold2_multimer_v3_model_5_seed_20260906.json	results
19982434b1d84e35e06a88767f2ca179096fecfaa1378f1e8caa7e98f500653b	17132	results/phase82d_matched_orientation/colabfold_candidates/matchedcand_04__4H3651-AA__4H140-AA_scores_rank_023_alphafold2_multimer_v3_model_2_seed_20260902.json	results
5a871aceaa81cd4a02d8c0c0b702b0ff62c5e4ada7a989b2969a0827007591d0	17162	results/phase82d_matched_orientation/colabfold_candidates/matchedcand_04__4H3651-AA__4H140-AA_scores_rank_024_alphafold2_multimer_v3_model_2_seed_20260903.json	results
f40b6b767160ae06112b86cd113e56353a644200fb04cff79eb3661289e9c243	17141	results/phase82d_matched_orientation/colabfold_candidates/matchedcand_04__4H3651-AA__4H140-AA_scores_rank_025_alphafold2_multimer_v3_model_2_seed_20260906.json	results
8e805d68faa1e5018cb5b9a6aeb28ea9e347cd8772e6250da3502a2d274c12cf	33291	results/phase82d_matched_orientation/colabfold_candidates/matchedcand_04__4H3651-AA__4H140-AA_unrelaxed_rank_001_alphafold2_multimer_v3_model_1_seed_20260904.pdb	results
ffb5e27a81000d4998df73dbe0cabb333555624ad314a0776937d410054f7eb3	33291	results/phase82d_matched_orientation/colabfold_candidates/matchedcand_04__4H3651-AA__4H140-AA_unrelaxed_rank_002_alphafold2_multimer_v3_model_4_seed_20260904.pdb	results
1523cf4772ea676e6fc1d90d3be04e8b4552dae9e0d1f276cc82d589a2749ce2	33291	results/phase82d_matched_orientation/colabfold_candidates/matchedcand_04__4H3651-AA__4H140-AA_unrelaxed_rank_003_alphafold2_multimer_v3_model_1_seed_20260905.pdb	results
1813e4b5f236a723f7a9c491e85140f42f3f3ab0abea020d5629427b2f749282	33291	results/phase82d_matched_orientation/colabfold_candidates/matchedcand_04__4H3651-AA__4H140-AA_unrelaxed_rank_004_alphafold2_multimer_v3_model_4_seed_20260905.pdb	results
89109d8933d13b3a6a828113c864136242112aab01fcb3e37242fdf25e2c30f9	33291	results/phase82d_matched_orientation/colabfold_candidates/matchedcand_04__4H3651-AA__4H140-AA_unrelaxed_rank_005_alphafold2_multimer_v3_model_4_seed_20260903.pdb	results
ee0a3a278433e79eb6c261751130d07cfcde120d62f555d68fcdd4cf34bca522	33291	results/phase82d_matched_orientation/colabfold_candidates/matchedcand_04__4H3651-AA__4H140-AA_unrelaxed_rank_006_alphafold2_multimer_v3_model_4_seed_20260906.pdb	results
daf49f38bd4cfa11629564e362de84e2a7f4b0d1fe2a5923a67a992ae0c4f40d	33291	results/phase82d_matched_orientation/colabfold_candidates/matchedcand_04__4H3651-AA__4H140-AA_unrelaxed_rank_007_alphafold2_multimer_v3_model_4_seed_20260902.pdb	results
b56136f864a122b0d1ddeded227ed43b849400f4307442ee0cf5f00f4d485642	33291	results/phase82d_matched_orientation/colabfold_candidates/matchedcand_04__4H3651-AA__4H140-AA_unrelaxed_rank_008_alphafold2_multimer_v3_model_1_seed_20260903.pdb	results
efd852e745ae5f63991e687fec3ced99c4299660f03f29433c1570822a7f2202	33291	results/phase82d_matched_orientation/colabfold_candidates/matchedcand_04__4H3651-AA__4H140-AA_unrelaxed_rank_009_alphafold2_multimer_v3_model_1_seed_20260902.pdb	results
0939581d314c9245e230f4c0abc673520a9d023adfb02c4fb841959d2a73bca2	33291	results/phase82d_matched_orientation/colabfold_candidates/matchedcand_04__4H3651-AA__4H140-AA_unrelaxed_rank_010_alphafold2_multimer_v3_model_3_seed_20260905.pdb	results
9e3a0030adb0d2d237fb474585eca7600cfe23ec7a340864facbb838b432eb5e	33291	results/phase82d_matched_orientation/colabfold_candidates/matchedcand_04__4H3651-AA__4H140-AA_unrelaxed_rank_011_alphafold2_multimer_v3_model_3_seed_20260904.pdb	results
eb91d0be801ebe1d991b8e53971c7087c84dcf6ea43b67f5f684516eef1373e5	33291	results/phase82d_matched_orientation/colabfold_candidates/matchedcand_04__4H3651-AA__4H140-AA_unrelaxed_rank_012_alphafold2_multimer_v3_model_3_seed_20260902.pdb	results
a40daefdc280be0e13a9f85cc76b9b6f418de77a64ba939baa81d0f68e92d909	33291	results/phase82d_matched_orientation/colabfold_candidates/matchedcand_04__4H3651-AA__4H140-AA_unrelaxed_rank_013_alphafold2_multimer_v3_model_3_seed_20260903.pdb	results
4179976bb2ddc11c214d0671421c8ad3e1df6c4f7d9e0102927ae6cc7434962a	33291	results/phase82d_matched_orientation/colabfold_candidates/matchedcand_04__4H3651-AA__4H140-AA_unrelaxed_rank_014_alphafold2_multimer_v3_model_5_seed_20260905.pdb	results
09b8b0c57c921fdf1914ae6c097e5ed1f7cf17f50309bad0fea936951932e031	33291	results/phase82d_matched_orientation/colabfold_candidates/matchedcand_04__4H3651-AA__4H140-AA_unrelaxed_rank_015_alphafold2_multimer_v3_model_5_seed_20260902.pdb	results
c156e56ab032596dd1e45108b1cbd583ea505815e6c525ab342ea423eb68064a	33291	results/phase82d_matched_orientation/colabfold_candidates/matchedcand_04__4H3651-AA__4H140-AA_unrelaxed_rank_016_alphafold2_multimer_v3_model_5_seed_20260903.pdb	results
4be975012b64a522e8215f509802ac0b798d4086ebad43bb1d4bc700551d09b9	33291	results/phase82d_matched_orientation/colabfold_candidates/matchedcand_04__4H3651-AA__4H140-AA_unrelaxed_rank_017_alphafold2_multimer_v3_model_1_seed_20260906.pdb	results
2dfe385361a9c72c3b8957ee095c3103ddac3f1477b732782b563dfaa75153ed	33291	results/phase82d_matched_orientation/colabfold_candidates/matchedcand_04__4H3651-AA__4H140-AA_unrelaxed_rank_018_alphafold2_multimer_v3_model_3_seed_20260906.pdb	results
777e97bb86644ab1cb5d85b584b23a7c726e7dc93e074215ece6d51e1cb76fb8	33291	results/phase82d_matched_orientation/colabfold_candidates/matchedcand_04__4H3651-AA__4H140-AA_unrelaxed_rank_019_alphafold2_multimer_v3_model_5_seed_20260904.pdb	results
c1031ca893e1246571f767687851836d0811f38c2a0cce343adebfa6da8b128c	33291	results/phase82d_matched_orientation/colabfold_candidates/matchedcand_04__4H3651-AA__4H140-AA_unrelaxed_rank_020_alphafold2_multimer_v3_model_2_seed_20260905.pdb	results
db25f809284a1f39c5d635abb7e3de2eba0dfa9401bdf728530034d3576b4a39	33291	results/phase82d_matched_orientation/colabfold_candidates/matchedcand_04__4H3651-AA__4H140-AA_unrelaxed_rank_021_alphafold2_multimer_v3_model_2_seed_20260904.pdb	results
e540699226c90b342a6ae1930dc1767672ae730b48e35f0d02722f0533e4f336	33291	results/phase82d_matched_orientation/colabfold_candidates/matchedcand_04__4H3651-AA__4H140-AA_unrelaxed_rank_022_alphafold2_multimer_v3_model_5_seed_20260906.pdb	results
1921e47c365bf4efbea7e9d4d461255afb56269feb3368c29eb697d1a6e4fd00	33291	results/phase82d_matched_orientation/colabfold_candidates/matchedcand_04__4H3651-AA__4H140-AA_unrelaxed_rank_023_alphafold2_multimer_v3_model_2_seed_20260902.pdb	results
0d7aece1e05d70320da17a50a0ed3a0b1d5a03d9c2ab28a0b4e54a0079d4aee4	33291	results/phase82d_matched_orientation/colabfold_candidates/matchedcand_04__4H3651-AA__4H140-AA_unrelaxed_rank_024_alphafold2_multimer_v3_model_2_seed_20260903.pdb	results
02797c796a36f034cdab347a96137dc452959d503986beb54287c8ca18723283	33291	results/phase82d_matched_orientation/colabfold_candidates/matchedcand_04__4H3651-AA__4H140-AA_unrelaxed_rank_025_alphafold2_multimer_v3_model_2_seed_20260906.pdb	results
e9d0c0a196f3a1ceecc24b1b6be14838e9bc5cf2bfb182e7ba6558088f97079e	138	results/phase82d_matched_orientation/colabfold_candidates/matchedcand_05__4H3651-AA__4H465-AA.a3m	results
e3b0c44298fc1c149afbf4c8996fb92427ae41e4649b934ca495991b7852b855	0	results/phase82d_matched_orientation/colabfold_candidates/matchedcand_05__4H3651-AA__4H465-AA.done.txt	results
c3c6f1bc4654ee38cde129b0666796d4132fcbfc509d2f979f3e0aaac981bd71	20191	results/phase82d_matched_orientation/colabfold_candidates/matchedcand_05__4H3651-AA__4H465-AA_predicted_aligned_error_v1.json	results
85211f512b40cc987d126e7d00585e325434cb1ab3476126a19421da6cc566be	17161	results/phase82d_matched_orientation/colabfold_candidates/matchedcand_05__4H3651-AA__4H465-AA_scores_rank_001_alphafold2_multimer_v3_model_4_seed_20260903.json	results
e853d8b9f22cea0c6debe8143a4ca13a2571dc9c6a13c44c6a438212886e364b	17119	results/phase82d_matched_orientation/colabfold_candidates/matchedcand_05__4H3651-AA__4H465-AA_scores_rank_002_alphafold2_multimer_v3_model_5_seed_20260902.json	results
c7bd6617bd87c9f0dd846b3612a21220a41325965987b8e09cb2c3777d9f0b3a	17114	results/phase82d_matched_orientation/colabfold_candidates/matchedcand_05__4H3651-AA__4H465-AA_scores_rank_003_alphafold2_multimer_v3_model_3_seed_20260903.json	results
132c6f6705962211387f9cae8b1557d6d6b38b69d8f3cdeb7ed8b3aa5dd00963	17176	results/phase82d_matched_orientation/colabfold_candidates/matchedcand_05__4H3651-AA__4H465-AA_scores_rank_004_alphafold2_multimer_v3_model_2_seed_20260903.json	results
f494d0ec766b7fa8573a7a672548be9b516f51c5ab0cd6a3379908d414171bfd	17313	results/phase82d_matched_orientation/colabfold_candidates/matchedcand_05__4H3651-AA__4H465-AA_scores_rank_005_alphafold2_multimer_v3_model_4_seed_20260902.json	results
272cdb5589853708447b248bb87207b67b7a15fed975024dc9b12885b68d1e70	17361	results/phase82d_matched_orientation/colabfold_candidates/matchedcand_05__4H3651-AA__4H465-AA_scores_rank_006_alphafold2_multimer_v3_model_2_seed_20260906.json	results
0fa468f635de036e85ee122868ffa060d1b353efab3526e35dce3c89dd962832	18352	results/phase82d_matched_orientation/colabfold_candidates/matchedcand_05__4H3651-AA__4H465-AA_scores_rank_007_alphafold2_multimer_v3_model_1_seed_20260904.json	results
a7700907686f7aad60e486de9e5b1ae56b08adefa427f5e091fa3cf9141641d5	18442	results/phase82d_matched_orientation/colabfold_candidates/matchedcand_05__4H3651-AA__4H465-AA_scores_rank_008_alphafold2_multimer_v3_model_1_seed_20260902.json	results
b04f0a1f1742b4a5443cfd680c286e33cedd5a002d2fda592197686a886284cd	18477	results/phase82d_matched_orientation/colabfold_candidates/matchedcand_05__4H3651-AA__4H465-AA_scores_rank_009_alphafold2_multimer_v3_model_1_seed_20260903.json	results
1fbfdf20a2c86cc520f7234dc50a0260d2be9593174f799ec155dc7e300fa8bd	18677	results/phase82d_matched_orientation/colabfold_candidates/matchedcand_05__4H3651-AA__4H465-AA_scores_rank_010_alphafold2_multimer_v3_model_1_seed_20260905.json	results
fd34b080cd070e2bc4c7b35c385f2b2cc6d56515b24a26c143c1d24b3749bf77	18699	results/phase82d_matched_orientation/colabfold_candidates/matchedcand_05__4H3651-AA__4H465-AA_scores_rank_011_alphafold2_multimer_v3_model_5_seed_20260903.json	results
8b1bfa345c972ed11f017e9ec28aa402c3227bbdbc92e788f81e197d7052159a	18732	results/phase82d_matched_orientation/colabfold_candidates/matchedcand_05__4H3651-AA__4H465-AA_scores_rank_012_alphafold2_multimer_v3_model_1_seed_20260906.json	results
855524832365461dc214dde77d417794dd054792aab9d2d397f411f9a7914852	18717	results/phase82d_matched_orientation/colabfold_candidates/matchedcand_05__4H3651-AA__4H465-AA_scores_rank_013_alphafold2_multimer_v3_model_2_seed_20260904.json	results
45fe135c639d9e9e5559ca9e7d34cce37a2b2203d0da98afacfcd92e0950779b	18763	results/phase82d_matched_orientation/colabfold_candidates/matchedcand_05__4H3651-AA__4H465-AA_scores_rank_014_alphafold2_multimer_v3_model_2_seed_20260902.json	results
56c45928623db11bae8f2a56d7f1d75062c90ffcea782eab14505f88d5f8964b	18759	results/phase82d_matched_orientation/colabfold_candidates/matchedcand_05__4H3651-AA__4H465-AA_scores_rank_015_alphafold2_multimer_v3_model_2_seed_20260905.json	results
78692c89c5d5c9710dd3ade5ec66f269a845c20fd443d628a5165f84e27b24c2	18705	results/phase82d_matched_orientation/colabfold_candidates/matchedcand_05__4H3651-AA__4H465-AA_scores_rank_016_alphafold2_multimer_v3_model_5_seed_20260906.json	results
abfb355c93ee72c8861ec5ed6d12364c480f73c8d88425e9ebb6dc8f7be476ad	18768	results/phase82d_matched_orientation/colabfold_candidates/matchedcand_05__4H3651-AA__4H465-AA_scores_rank_017_alphafold2_multimer_v3_model_4_seed_20260905.json	results
3ab687fa9f08ef289fcc48b58b01469910216d72c7337cfd1858fd1cba8a341e	18760	results/phase82d_matched_orientation/colabfold_candidates/matchedcand_05__4H3651-AA__4H465-AA_scores_rank_018_alphafold2_multimer_v3_model_3_seed_20260902.json	results
92585e44ddf7f63c61d5e411916285dd0d8362824e15c4dfa15308ed15254c50	18741	results/phase82d_matched_orientation/colabfold_candidates/matchedcand_05__4H3651-AA__4H465-AA_scores_rank_019_alphafold2_multimer_v3_model_3_seed_20260904.json	results
1d2d4eace199ca080cb03ac2579fdd6a133a51e35a8217b12f63cb8a5aef871e	18775	results/phase82d_matched_orientation/colabfold_candidates/matchedcand_05__4H3651-AA__4H465-AA_scores_rank_020_alphafold2_multimer_v3_model_4_seed_20260906.json	results
566f06d4eb4bb7cbfc732419c4591ba34f1afcd15103abb25d793a5bfe7263e4	18778	results/phase82d_matched_orientation/colabfold_candidates/matchedcand_05__4H3651-AA__4H465-AA_scores_rank_021_alphafold2_multimer_v3_model_3_seed_20260906.json	results
894100d28a94d151001a744a0b858ef7e52c88b859c8c7c5d44c16ba2acd70fa	18768	results/phase82d_matched_orientation/colabfold_candidates/matchedcand_05__4H3651-AA__4H465-AA_scores_rank_022_alphafold2_multimer_v3_model_4_seed_20260904.json	results
b35e48155ae2140f6f3afcc230bf8e0c31af4b813561b419209b3a7db2d3cc76	18742	results/phase82d_matched_orientation/colabfold_candidates/matchedcand_05__4H3651-AA__4H465-AA_scores_rank_023_alphafold2_multimer_v3_model_3_seed_20260905.json	results
e3901e7a4307d42dc862108a869d6ecbf8b3c7f97b9be31877f69c722c82ffde	18739	results/phase82d_matched_orientation/colabfold_candidates/matchedcand_05__4H3651-AA__4H465-AA_scores_rank_024_alphafold2_multimer_v3_model_5_seed_20260904.json	results
612ff6b62b489f175d660b04a5b58f15b89a9ef0a8e5b772dfb6951be2d81258	18770	results/phase82d_matched_orientation/colabfold_candidates/matchedcand_05__4H3651-AA__4H465-AA_scores_rank_025_alphafold2_multimer_v3_model_5_seed_20260905.json	results
953ffc1b087f199471730a808f4f8efbf1c1cdbb0dc098dd52d8b8c80057d6a7	33291	results/phase82d_matched_orientation/colabfold_candidates/matchedcand_05__4H3651-AA__4H465-AA_unrelaxed_rank_001_alphafold2_multimer_v3_model_4_seed_20260903.pdb	results
116e4c6e2bccd1bf3d8cdfd3a49338add5bab867bd4d10261a5fc51e152950a3	33291	results/phase82d_matched_orientation/colabfold_candidates/matchedcand_05__4H3651-AA__4H465-AA_unrelaxed_rank_002_alphafold2_multimer_v3_model_5_seed_20260902.pdb	results
94dc199c9509c5132717599a1ab5aec232a3a3288e4de9e95cf8fcb592fba341	33291	results/phase82d_matched_orientation/colabfold_candidates/matchedcand_05__4H3651-AA__4H465-AA_unrelaxed_rank_003_alphafold2_multimer_v3_model_3_seed_20260903.pdb	results
c7ed9ce7479e331b999bf114494ff54229d5aaea2093937165ee032e3f71d3ed	33291	results/phase82d_matched_orientation/colabfold_candidates/matchedcand_05__4H3651-AA__4H465-AA_unrelaxed_rank_004_alphafold2_multimer_v3_model_2_seed_20260903.pdb	results
072e7a4a993d8bd30fe6affd2505563a17bb4069a6bbb604a00b0f5b64b64920	33291	results/phase82d_matched_orientation/colabfold_candidates/matchedcand_05__4H3651-AA__4H465-AA_unrelaxed_rank_005_alphafold2_multimer_v3_model_4_seed_20260902.pdb	results
3534c4b94bc5e890f8d757bc8266640cef369b3596fa35429f85fc955572186b	33291	results/phase82d_matched_orientation/colabfold_candidates/matchedcand_05__4H3651-AA__4H465-AA_unrelaxed_rank_006_alphafold2_multimer_v3_model_2_seed_20260906.pdb	results
a3600ceaf218c4e0f75a50aa8e89c6115cf51bc8cfd26c032965a150208567b9	33291	results/phase82d_matched_orientation/colabfold_candidates/matchedcand_05__4H3651-AA__4H465-AA_unrelaxed_rank_007_alphafold2_multimer_v3_model_1_seed_20260904.pdb	results
66b356717882290404fda5df28b480264e5cc319919d5ae2a4c1c3c69a3a8396	33291	results/phase82d_matched_orientation/colabfold_candidates/matchedcand_05__4H3651-AA__4H465-AA_unrelaxed_rank_008_alphafold2_multimer_v3_model_1_seed_20260902.pdb	results
6757c197e0becf26d48765102037f814155dabadc86229514fffceb041696fef	33291	results/phase82d_matched_orientation/colabfold_candidates/matchedcand_05__4H3651-AA__4H465-AA_unrelaxed_rank_009_alphafold2_multimer_v3_model_1_seed_20260903.pdb	results
4803a958e03ca84259e947f0d64c3955d65ab7a70134541f47a13973a3680cc0	33291	results/phase82d_matched_orientation/colabfold_candidates/matchedcand_05__4H3651-AA__4H465-AA_unrelaxed_rank_010_alphafold2_multimer_v3_model_1_seed_20260905.pdb	results
509b9a2a8e842fd05ad681c1c13b78cd44bd5c300fbf819ec21f197b345688dc	33291	results/phase82d_matched_orientation/colabfold_candidates/matchedcand_05__4H3651-AA__4H465-AA_unrelaxed_rank_011_alphafold2_multimer_v3_model_5_seed_20260903.pdb	results
86bee37a851ecf7e395673480175238f770c7266e12435dc863a7c964cf191c2	33291	results/phase82d_matched_orientation/colabfold_candidates/matchedcand_05__4H3651-AA__4H465-AA_unrelaxed_rank_012_alphafold2_multimer_v3_model_1_seed_20260906.pdb	results
0f4178ee39cd82ea8c362e062c236273f5716a64cff13305bac1625ae37c976b	33291	results/phase82d_matched_orientation/colabfold_candidates/matchedcand_05__4H3651-AA__4H465-AA_unrelaxed_rank_013_alphafold2_multimer_v3_model_2_seed_20260904.pdb	results
ee5633db40ffdae0fbdb3edc72063e9dafe59b7288c1a8367cf06d7026a965d8	33291	results/phase82d_matched_orientation/colabfold_candidates/matchedcand_05__4H3651-AA__4H465-AA_unrelaxed_rank_014_alphafold2_multimer_v3_model_2_seed_20260902.pdb	results
92030f27bebaad4ef7c93a7eefe896fe82ce0917522c52d42254f8d9c193a400	33291	results/phase82d_matched_orientation/colabfold_candidates/matchedcand_05__4H3651-AA__4H465-AA_unrelaxed_rank_015_alphafold2_multimer_v3_model_2_seed_20260905.pdb	results
0e2b23c0a175b635b28e34654bd31720cbb5237fe7b329e8c83f85dbbaa3e18c	33291	results/phase82d_matched_orientation/colabfold_candidates/matchedcand_05__4H3651-AA__4H465-AA_unrelaxed_rank_016_alphafold2_multimer_v3_model_5_seed_20260906.pdb	results
d96f9010227a7d3380368ab74cb86fd210cfe5c4dfb55bf316aa0effd60c41e4	33291	results/phase82d_matched_orientation/colabfold_candidates/matchedcand_05__4H3651-AA__4H465-AA_unrelaxed_rank_017_alphafold2_multimer_v3_model_4_seed_20260905.pdb	results
2abe56dfd9e9c02f618e7bac19cd0a4ce2b9dc7817eb75d5aceb5677739f1365	33291	results/phase82d_matched_orientation/colabfold_candidates/matchedcand_05__4H3651-AA__4H465-AA_unrelaxed_rank_018_alphafold2_multimer_v3_model_3_seed_20260902.pdb	results
5f92e12c02533ece9912ef13fbd60d8c4bcba1c10ac099681700dd0d2992a4e5	33291	results/phase82d_matched_orientation/colabfold_candidates/matchedcand_05__4H3651-AA__4H465-AA_unrelaxed_rank_019_alphafold2_multimer_v3_model_3_seed_20260904.pdb	results
3c056b23e50b867242032bfbd14bdb7fa69d5026dba752afdbf848b2d9fa42f3	33291	results/phase82d_matched_orientation/colabfold_candidates/matchedcand_05__4H3651-AA__4H465-AA_unrelaxed_rank_020_alphafold2_multimer_v3_model_4_seed_20260906.pdb	results
d1f429b2621a312cb294b365a96f269ae52f96639f7df660dec3c9c0e5211dcd	33291	results/phase82d_matched_orientation/colabfold_candidates/matchedcand_05__4H3651-AA__4H465-AA_unrelaxed_rank_021_alphafold2_multimer_v3_model_3_seed_20260906.pdb	results
b9a5d07a331968691b5b6ee52a0e38e0ca96c0f7d3673f2bc277b91249c8a274	33291	results/phase82d_matched_orientation/colabfold_candidates/matchedcand_05__4H3651-AA__4H465-AA_unrelaxed_rank_022_alphafold2_multimer_v3_model_4_seed_20260904.pdb	results
eff4f086f3f89abd33fa861ae3fa3215be8dec66c4a8d037ed0e2f4bab651bea	33291	results/phase82d_matched_orientation/colabfold_candidates/matchedcand_05__4H3651-AA__4H465-AA_unrelaxed_rank_023_alphafold2_multimer_v3_model_3_seed_20260905.pdb	results
5be4dbdf67da9cfd58d210f1e65e53eed8fa01291fb444f55bcbc2003dfbac46	33291	results/phase82d_matched_orientation/colabfold_candidates/matchedcand_05__4H3651-AA__4H465-AA_unrelaxed_rank_024_alphafold2_multimer_v3_model_5_seed_20260904.pdb	results
d8f3b935971181d657166defc18c155b55ad66e3e602fd298f9946faa562e961	33291	results/phase82d_matched_orientation/colabfold_candidates/matchedcand_05__4H3651-AA__4H465-AA_unrelaxed_rank_025_alphafold2_multimer_v3_model_5_seed_20260905.pdb	results
33b883d16b100314bdcdacfeb5eda8b3552516d9b54449de97c48f4c645a6b12	23346	results/phase82d_matched_orientation/matched_candidate_geometry.csv	results
454037b6afc2d82708843e497a7f9007ee85a2371d6c45752e7cde79bf5beb76	442	results/phase82d_matched_orientation/matched_candidate_orientation_summary.csv	results
0ec7b27176d31a2f36670bca73e8a5565c17dbc1425075016b17be181afdaa98	1922	results/phase82d_matched_orientation/matched_orientation_candidate_inventory.csv	results
1930961bc2c0d4a8e92888cf2f31ca2ea4619e169aa7cbacc2f7e98af48e5438	390	results/phase82d_matched_orientation/matched_parallel_candidate_batch.fasta	results
0d65825ad703561ee6805b71fd9da002f11bb07b11143aadfbb91530c3c4f28d	76947	results/phase82d_matched_orientation/run_colabfold_candidates.log	results
a3653cf5c89ab048342b65ec9e618cd954465820c1d7b25282e4db6390440d5d	1759	results/phase82d_matched_orientation/run_orientation_analysis.log	results
df461cdb0cf52b5f7e42d8368d8f9e3183f7ad2aa100841d0715320c972c2999	234	results/phase82d_matched_orientation/selected_matched_parallel_control.csv	results
5e090bee6d45f8a953eac22dac74faee27287810f2c0e096943e41294d4204ef	113	results/phase82d_matched_orientation/sequence_source_audit.csv	results
4e68b2d5fc5fafbabb638314e8b17943f8586b9b9ee939fbf929c3ee1568daba	152637	results/phase82e_structure_figure/Figure4_structure_case_triptych.pdf	results
e8e931e91711fee05a15618894cb430bb157b1aa2ccb91b588ca79a27115668d	915260	results/phase82e_structure_figure/Figure4_structure_case_triptych.png	results
4d0ce4f2bac358b0676b2003829b91af779005f336fa39cadd33f666bbfc9235	706	results/phase82e_structure_figure/PHASE82E_GATE.json	results
4289f41cc766381e50ba822ac079b904c8c4bc213fc9291c916ae52f48ee796b	110320	results/phase82e_structure_figure/Supplementary_structure_parallel_favored_control.pdf	results
7550eb1fd3f0842aba71e47c75e172713cf000e97d771f08646eba75169dfe11	580278	results/phase82e_structure_figure/Supplementary_structure_parallel_favored_control.png	results
e34c21e91cbfca840923f3518936f006ffddcbd70fe5d5ca0bc2360ce6bea358	331252	results/phase82e_structure_figure/hard_matched_view.png	results
85621503dd9d497787d5e5703c5573d13e9c29d75f0520d420ea64104cbb6441	322515	results/phase82e_structure_figure/hardpar_matched_view.png	results
e36df57d7ead957571b4ce96f5558d4c4bfcd7b4540b21645bcb770d8ec7edd0	966	results/phase82e_structure_figure/matched_view_render_manifest.csv	results
e36b66af252b5cf680b56c5789869b2d0a95a1fdb27b2bec037ac7e6a1300d94	240	results/phase82e_structure_figure/phase82e_4H1802_parallel_subset_summary.csv	results
8af51083892481a593c644aca6301c838b5793b48daaed6ec06c36975b5e2bea	1468	results/phase82e_structure_figure/phase82e_case_summary.csv	results
7a030f7a8f54090ec4b37d2237468d06b7f02a144c9fe05a29ddf7f2f6daf6e1	39962	results/phase82e_structure_figure/phase82e_model_level_geometry.csv	results
a34f0c755d2c8e66ab168e64418423af6adda68d3a67a668003b9b8c1770f823	1394	results/phase82e_structure_figure/phase82e_paired_model_seed_contrasts.csv	results
bf5f811f126e64d1f1db4cc04edad1fc04331dc43d921f31947cffb43245c1c2	319898	results/phase82e_structure_figure/strict_matched_view.png	results
ea81cddaebaa2f2af291c129c336739b367fef2055709a268ef6498ab90f2323	321899	results/phase82e_structure_figure/target_matched_view.png	results
5154c8561feec9a8fd3c4a0bd19d5d2590487636f905fac85c29daae407412f8	2344	scripts/check_source_data.py	scripts
9e9c8eadd7befc2c799bb5178ce70a3e55760216612a873ed266480c58242902	648	scripts/compile_manuscripts.sh	scripts
9e56d3e4e6f3b4b92fb7b707b362424f517bea345da2dd91f3528169f084485d	3567	scripts/repo_doctor.py	scripts
4c4ccd88ab1c5d5c073d5a4f0a8a2517745ae7087ec708d6f95a8a3ab051c244	15574	scripts/reproduce_revision_figures.py	scripts
44f7ff86a8e93c1cab812e7a21f3690ddcc4dc7ecbacbe9cea1e65a00fcb5fd6	930	scripts/verify_release.py	scripts
ed8806ebbae9ce11a581eab9be32bebfa9e1ed4f689fa2176d00e2728b6e25b8	25556	source_data/HeptadPair_Source_Data_v8.5_BASE_MANUSCRIPT_20260830.xlsx	source_data
176172b8fd5facd42a2551555caad3924c1186cb2e894d3b80774ff213626bb7	62977	source_data/HeptadPair_Source_Data_v8.9_GITHUB_20260903.xlsx	source_data
38bee8ec6b9df9d50f65d33ebc8ea9548ea137509dc7fd9b9941eb185d25ab76	1798	source_data/README.md	source_data
a52630358d244b053b7fd44148e0d345e258e5dbe1179bdb3fbc22b53717d36a	6377	source_data/csv/Fig2_Factorial_Splits.csv	source_data
1521da02a7c3eab6ac5aa7d4ee4b5a3e98dc6aff04af6e7322b95f5358453df7	1824	source_data/csv/Fig2_Factorial_Summary.csv	source_data
c04eda6c165e059fa1f7cfa735f70f0cebff77b4128e9cb3d7b13546f385daf6	315	source_data/csv/Fig2_Frozen_CCNG1.csv	source_data
3b254ec5427057f5cc68de3c0bf4db33670d6e82e2416866dfec54e46c43f6f7	5824	source_data/csv/Fig2_LOO_Splits.csv	source_data
168403ec09b1ad4ab3ae2a0a6715af12a143589c5c21a6f3a8da7ce7d97a437b	2177	source_data/csv/Fig2_LOO_Summary.csv	source_data
e19a3ec2b1f31cb0dde99d0231e862289f20e90b8d4d7c9ffa71e7f09c361231	1179	source_data/csv/Fig2_Shapley_Summary.csv	source_data
ee1159d1f311728171ab16ee0101aa35d7bd7536a2d7db229c0c66f8d834ad01	186	source_data/csv/Fig4_Retrieval_Metrics.csv	source_data
ac7b32fb7fce390228921a712af32ecc025dc1fdc833a8067dfb301e796f80d8	3236	source_data/csv/Fig4_Set_Recovery.csv	source_data
8af51083892481a593c644aca6301c838b5793b48daaed6ec06c36975b5e2bea	1468	source_data/csv/Fig4_Structure_Cases.csv	source_data
e36b66af252b5cf680b56c5789869b2d0a95a1fdb27b2bec037ac7e6a1300d94	240	source_data/csv/FigS6_4H1802_Parallel.csv	source_data
e8184754f3aa960a2226af22c308a3a38271f3c31b536b1d8de7c7d3bac71017	1693	source_data/csv/Phase82_Case_Selection.csv	source_data
cb7d22a70c3a4e42ce25f04d6ba8b981e726e6c0b94fa1008d0364349aed12ac	39941	source_data/csv/Phase82_Model_Geometry.csv	source_data
98b035051e3579d465ab8cfc2580d4fb92b07bd5721819d57efa777e495ac0da	1920	source_data/csv/Phase82_Offtarget_Candidates.csv	source_data
5390953b27ef7390f2275df58008f32cb0ca13c4712f5c6456d7d0f549f098bb	1350	source_data/csv/Phase82_Paired_Contrasts.csv	source_data
40b8202036a258cc456df19f4b64e892d434a4eb1bb6f0268a0a750ba7d81836	1409958	supplementary/HeptadPair_Supplementary_Information_v8.9_PHASE81_PHASE82_20260903.pdf	supplementary
7cb78fc6f0e68070f4aae209db59d8ca54b83791a95aba5068f20c47a5682d5b	43849	supplementary/HeptadPair_Supplementary_Information_v8.9_PHASE81_PHASE82_20260903.tex	supplementary
f23cd94d888c544d1e6bbaf91860fa39071864ac056651dad4b493c1aa912b49	849	tests/test_release_smoke.py	tests
